ZTFID,flag,remarks,lower_cut,upper_cut
ZTF18aaexyql,ok,,,
ZTF18aakkrjm,ok,,,
ZTF18aaqjovh,check,cut,,100
ZTF18aaxiuyp,check,cut,,250
ZTF18abdffeo,ok,,,
ZTF18abdkkwa,check,cut,,195
ZTF18abeamgv,ok,,,
ZTF18abecbks,ok,,,
ZTF18abeyqpr,ok,,,
ZTF18abfcmjw,ok,,,
ZTF18abfzhct,ok,,,
ZTF18abhhnnv,ok,,,
ZTF18abjyjdz,ok,,,
ZTF18abkjnqy,ok,,,
ZTF18aboabxv,ok,,,
ZTF18abukavn,check,cut,3,80
ZTF18abvkmgw,ok,,,
ZTF18acbvpzj,ok,,,
ZTF18aceqrrs,check,cut,,200
ZTF18achcpwu,ok,,,
ZTF18achdidy,ok,,,
ZTF18acizepv,check,cut,40,
ZTF18acnncve,ok,,,
ZTF18acsjrbc,ok,,,
ZTF18acyxnyw,ok,,,
ZTF18aczcumi,ok,epoch,,
ZTF18aczqzrj,ok,,,
ZTF18adasisj,ok,,,
ZTF18adaykvg,check,epoch,,
ZTF19aadnhdo,ok,,,250
ZTF19aafmyow,ok,,,210
ZTF19aailcgs,ok,,,
ZTF19aailsge,ok,,,
ZTF19aakirwj,check,,,250
ZTF19aakpcuw,check,cut,20,300
ZTF19aalfsqm,ok,epoch,,
ZTF19aalouag,ok,cut,125,500
ZTF19aamgghn,ok,cut,50,500
ZTF19aamsetj,ok,cut,,198
ZTF19aanesgt,ok,,,
ZTF19aanfukh,ok,,,
ZTF19aanijpu,ok,,,
ZTF19aaoxvfe,ok,,,
ZTF19aarfyvc,ok,,,
ZTF19aarphwc,ok,,,
ZTF19aatheus,ok,,,
ZTF19aavitlq,ok,,,
ZTF19aavouyw,ok,,,
ZTF19aavoweu,ok,,,
ZTF19aawfbtg,ok,,,
ZTF19aawhzsh,check,cut,250,
ZTF19aawqcgy,check,peak,1180,-979
ZTF19aawsday,ok,,,
ZTF19aaxfcpq,check,cut,98,
ZTF19aaxzdtw,ok,,,
ZTF19abafmwj,check,peak,1110,-990
ZTF19abauylg,ok,,,
ZTF19abcegvm,ok,,,
ZTF19abdoior,check,cut,97,
ZTF19abfiqjg,ok,,,
ZTF19abfsxpw,check,cut,,500
ZTF19abfvnns,ok,,,
ZTF19ablesob,ok,,,
ZTF19abnacvf,ok,,,
ZTF19abpbopt,ok,,,
ZTF19abqmsbk,ok,,,
ZTF19abqqrgy,ok,,,
ZTF19abqshry,ok,,,
ZTF19abqwtfu,ok,,,
ZTF19abqxibq,ok,,,
ZTF19abtsnyy,ok,cut,,248
ZTF19abupned,ok,,,
ZTF19abvdgqo,ok,,,
ZTF19abzqywg,ok,,,
ZTF19abztknu,ok,,,
ZTF19abzwaen,ok,,,
ZTF19acbmojx,ok,,,
ZTF19acbonaa,ok,bad stack,,
ZTF19acdabep,ok,,,
ZTF19aceqjqw,check,cut,,500
ZTF19aceqvhl,ok,,,
ZTF19acfwynw,ok,,,100
ZTF19acgjosf,ok,,,
ZTF19acgjpgh,ok,,,
ZTF19ackjjwf,check,cut,,250
ZTF19ackjrru,ok,,,
ZTF19acllsbq,ok,,,
ZTF19acmelor,check,cut,50,
ZTF19acxmpnz,ok,,,
ZTF19acyogrm,check,cut,,98
ZTF19adaivcf,ok,,,
ZTF19adcfsad,ok,,,
ZTF20aadzbcf,check,cut,,200
ZTF20aaekkuv,ok,,,
ZTF20aaelulu,check,cut,15,130
ZTF20aaertpj,ok,,,
ZTF20aaetirf,check,epoch,,
ZTF20aafmdzj,ok,,,
ZTF20aagewqr,ok,,,
ZTF20aahbfmf,ok,,,
ZTF20aaiahra,check,epoch,,
ZTF20aaiftgi,ok,,,
ZTF20aaifybu,ok,,,
ZTF20aaiqiti,check,cut,500,250
ZTF20aajcdad,ok,,,
ZTF20aakodyh,ok,,,
ZTF20aalcyih,check,cut,250,500
ZTF20aalxlis,ok,,20,
ZTF20aamdyln,ok,,,
ZTF20aammtwx,check,cut,50,
ZTF20aamqmhj,ok,,,
ZTF20aanvmdt,ok,no g-band evolution,,
ZTF20aaoflta,ok,,,
ZTF20aapcbmc,ok,,,
ZTF20aattyuz,ok,,,
ZTF20aaurexl,ok,,,
ZTF20aaurfnl,ok,,,
ZTF20aavcvrm,ok,,,
ZTF20aavgcnu,ok,,,
ZTF20aavhyel,ok,,,60
ZTF20aavzffg,check,cut,100,200
ZTF20aaxvzja,ok,,,
ZTF20aazkjfv,check,cut,25,60
ZTF20aazpyhy,ok,,,
ZTF20abaszgh,check,peak,800,-740
ZTF20abbpkng,ok,,,
ZTF20abbplei,check,cut,15,120
ZTF20abcjdwu,check,cut,15,25
ZTF20abdnpdo,check,epoch,,
ZTF20abefbpl,ok,,,
ZTF20abhlncz,check,cut,100,200
ZTF20abjpvce,ok,,,
ZTF20abkiarz,check,cut,25,75
ZTF20abobpcb,ok,,,270
ZTF20aborzxc,ok,cut,,
ZTF20abpuwxl,ok,,,
ZTF20abqdkne,ok,,,45
ZTF20abrcnbr,ok,,,
ZTF20abrmmah,ok,,,
ZTF20abswdbg,check,cut,175,200
ZTF20abtkjfw,ok,,,
ZTF20abusrwm,ok,,,
ZTF20abvquuo,ok,,,
ZTF20abvvnqh,ok,,,
ZTF20abwxywy,ok,,,
ZTF20abxpoxd,check,cut,200,500
ZTF20abysxbk,check,cut,,
ZTF20abywsut,ok,,,
ZTF20abzjcdg,ok,,,
ZTF20abzoeiw,ok,,,
ZTF20accbsxa,ok,,,
ZTF20acfqngt,ok,,,
ZTF20achvlbs,ok,,,
ZTF20acjbzrh,ok,,,
ZTF20aclnplo,check,cut,,30
ZTF20acphdcg,ok,,,
ZTF20acpjqxp,check,cut,25,100
ZTF20acpyldh,ok,,,100
ZTF20acpzaoa,ok,,,
ZTF20actekrw,ok,,,50
ZTF20actpqgc,ok,,,100
ZTF20acueziy,check,cut,,100
ZTF20acvcxkz,ok,,,
ZTF20acvebcu,ok,,,
ZTF20acvmzfv,ok,,,
ZTF20acwofhd,check,cut,,200
ZTF20acxqxyw,ok,,,
ZTF20adadrhw,check,cut,20,150
ZTF21aaaosoq,ok,,20,
ZTF21aaarmti,ok,,,
ZTF21aaaubig,check,cut,100,200
ZTF21aacufip,check,cut,20,90
ZTF21aagpymw,ok,,,
ZTF21aagtpro,ok,,,
ZTF21aahdqrg,ok,,,
ZTF21aalhgqi,ok,,,
ZTF21aalhtgv,ok,,,
ZTF21aannoix,ok,,,
ZTF21aanvncv,check,cut,,100
ZTF21aaocrlm,check,cut,,100
ZTF21aapecxb,ok,,,
ZTF21aaqhhfu,ok,,10,
ZTF21aaqldsk,ok,,,100
ZTF21aaqwfqe,ok,,,100
ZTF21aarmuxl,ok,,,
ZTF21aarnjyd,check,peak,,
ZTF21aartgiv,ok,,,
ZTF21aaufwyh,ok,,,
ZTF21aavdqgf,ok,,,
ZTF21aawogdl,ok,,,
ZTF21aaxtctv,ok,,,50
ZTF21aaxxihx,ok,,,
ZTF21aayqrgx,ok,,,
ZTF21abahiow,ok,,,
ZTF21abbqeea,check,cut,100,300
ZTF21abccaue,ok,bad r-band peak?,25,
ZTF21abcgaln,ok,,,
ZTF21abcgnql,ok,,,
ZTF21abchjer,check,cut,100,200
ZTF21abcpsjy,check,cut,,300
ZTF21abdkojo,ok,,,
ZTF21abdxhgv,ok,,,
ZTF21abieuta,ok,,,
ZTF21abimeun,ok,,,
ZTF21abimnii,ok,,,
ZTF21abklcjq,ok,,,
ZTF21abmjgwf,ok,,,
ZTF21abmlldj,ok,,,200
ZTF21abmxiuf,ok,,,
ZTF21abngbrl,ok,,,
ZTF21abplhpw,ok,,,
ZTF21abpwtde,ok,,,
ZTF21abraccv,ok,,,
ZTF21abrqria,ok,,,
ZTF21abrqrsz,ok,,,
ZTF21absyjff,ok,,,
ZTF21abvcugy,ok,,,
ZTF21abvcuhk,ok,,,
ZTF21acbnfos,ok,,,60
ZTF21accwovq,ok,,,
ZTF21acdqgns,ok,,,
ZTF21acdxhuv,ok,,,60
ZTF21aceehxt,ok,,,
ZTF21acekmmm,ok,,,
ZTF21acgxypn,ok,,,
ZTF21achgfbk,ok,,,
ZTF21aciuhqw,ok,,,
ZTF21aciwixf,ok,,,
ZTF21acizqkx,ok,,,
ZTF21acjxzsa,ok,,,
ZTF21aclzzhu,ok,,,
ZTF22aadeuwu,ok,cut,,150
ZTF22aadnjsh,ok,,,
ZTF22aadoihx,ok,,,
ZTF22aadqlhy,check,cut,70,150
ZTF22aaebkwd,ok,,,
ZTF22aaezyos,ok,,,60
ZTF22aagzmcz,ok,,,
ZTF22aahxaiv,ok,,,
ZTF22aajakms,ok,,,
ZTF22aakpyqw,ok,,,
ZTF22aakyeps,ok,,,
ZTF22aalfmec,check,cut,60,60
ZTF22aaolhhl,ok,,,60
ZTF22aaoolua,ok,,,
ZTF22aarbard,ok,,,
ZTF22aarqrxf,ok,,,75
ZTF22aarwwyy,ok,,,
ZTF22aasxgjp,ok,,,
ZTF22aatunnt,ok,,,
ZTF22aazuotw,ok,,,
ZTF22abbdxho,ok,,,
ZTF22abbtqnp,ok,,,
ZTF22abcsgeq,ok,epoch,,
ZTF22abcvfgs,ok,,,
ZTF22abfrkoh,ok,,,
ZTF22abfuwel,ok,,,
ZTF22abfyqsc,ok,,,
ZTF22abivebe,ok,,,
ZTF22abjafpr,ok,,,
ZTF22abkabeh,ok,,,
ZTF22abkbmob,check,cut,200,
ZTF22abllclb,ok,,,
ZTF22abmonux,ok,,,
ZTF22abnpsou,check,cut,,
ZTF22abnvurz,check,cut,400,180
ZTF22absibqa,ok,,,
ZTF22absphuu,ok,,,
ZTF22abvcnnl,ok,,,
ZTF22abwtqeb,ok,,,
ZTF22abzejiv,ok,,,
ZTF23aaahtnj,ok,,,
ZTF23aaaplam,ok,,,
ZTF23aaazffe,ok,,,
ZTF23aaccacy,ok,,,
ZTF23aadaxfn,ok,,,80
ZTF23aadtrzd,ok,,,
ZTF23aaecgwh,ok,,,
ZTF23aaemnzd,ok,,,
ZTF23aafwykt,ok,,,
ZTF23aahnmag,ok,,,
ZTF23aajakys,ok,,,40
ZTF23aakmewi,ok,,,
ZTF23aakstht,ok,,,
ZTF23aamzljd,ok,,,
ZTF23aandvzg,ok,,,
ZTF23aanqoyo,ok,,,
ZTF23aapbrrq,ok,,,100
ZTF23aaqekiu,ok,,,
ZTF23aaspcfl,ok,,,
ZTF23aawtmcf,ok,,,
ZTF23aaxuvkn,check,cut,100,
ZTF23aazodoj,ok,,,80
ZTF23aazuzip,ok,,,
ZTF23abadhsw,ok,,,
ZTF23abaxlrz,ok,,,
ZTF23abbpswf,ok,,,
ZTF23abbskff,ok,,,
ZTF23abcglga,ok,,,
ZTF23abfmlft,ok,,,
ZTF23abhyxpr,ok,,,
ZTF23abjhbcr,ok,,,
ZTF23abjrolk,ok,,,
ZTF23abjzkmx,ok,,,
ZTF23abnpoqp,ok,,,
ZTF23abochfb,ok,,,
ZTF23abomtjc,ok,stack,,
ZTF23abovaur,ok,,,
ZTF23abvokyz,ok,,,
ZTF24aaabybk,ok,,,
ZTF24aabuaij,ok,,,
ZTF24aacjcwl,ok,,,
ZTF24aacrbua,ok,,,
ZTF24aadfmaf,ok,,,
ZTF24aaeczdw,ok,,,
ZTF24aagfeti,ok,,,170
ZTF24aagkjca,ok,,,
ZTF24aagterj,ok,,,
ZTF24aagtmbq,ok,,,
ZTF24aahuzig,ok,,,
ZTF24aajdqbw,ok,,,
ZTF24aajivqf,ok,,,
ZTF24aajqamj,ok,,,
ZTF24aakaiqs,ok,,,
ZTF24aakftxp,ok,,,
ZTF24aancgyl,ok,,,
ZTF24aaowjlw,ok,,,
ZTF24aapadbb,ok,,,
ZTF24aateouu,ok,,,
ZTF24aawjwxx,check,cut,200,
ZTF24aawtoiv,ok,,,
ZTF24aayikbu,ok,,,
ZTF24aayimjt,ok,,,
ZTF24aaymkrs,ok,,,
ZTF24aaysowl,ok,,,
ZTF24aazmqbf,ok,,,
ZTF24aazqavh,ok,,,
ZTF24aaztbct,ok,,,
ZTF24abajmau,ok,,,
ZTF24abavusp,ok,,,
ZTF24abbsuhu,ok,,,
ZTF24abchdsc,ok,,,
ZTF24abdiwwv,check,cut,200,
ZTF24abhhzrp,check,cut,200,
ZTF24abhsqly,check,peak,-1104,1194
ZTF24abiifei,ok,,,
ZTF24abimpmc,ok,,,
ZTF24abiwzzc,ok,,,
ZTF24abkiblx,ok,,,
ZTF24ablmayf,ok,,,
ZTF24ablsxza,ok,,,
ZTF24abltheg,ok,,,
ZTF24abnafgr,ok,,,
ZTF24abncuhj,check,cut,25,
ZTF24abnsght,ok,,,
ZTF24abpqghw,ok,,,
ZTF24abqbyxd,ok,,,
ZTF24abroqvs,ok,,,
ZTF24absrpsn,ok,,,
ZTF24absznoi,ok,,,
ZTF24abtlppf,ok,,,
ZTF24abtmueg,ok,,,
ZTF24abtnkbi,ok,,,
ZTF24abwmzop,ok,,,
ZTF24abxxniy,ok,,,
ZTF24abygyka,ok,,,
ZTF24abzgggz,ok,,,
ZTF24abzmhtv,ok,peak,-25,
ZTF25aaadytl,ok,,,
ZTF25aaaecsu,ok,,,
ZTF25aaaeykb,ok,,,
ZTF25aabzbve,ok,,,
ZTF25aaccmjq,ok,,,
ZTF25aadnogd,ok,,,100
ZTF25aafdnuf,ok,,,
ZTF25aafedas,ok,,,
ZTF25aafkxdu,ok,,,
ZTF25aajbcmc,ok,,,
ZTF25aajgfsk,ok,,,
ZTF25aajuqtp,check,peak,-1030,-1115
ZTF25aakbbof,ok,,,
ZTF25aakeqyr,ok,,,
ZTF25aamplge,ok,,,
ZTF25aankyie,ok,evolution?,,
ZTF25aanxtou,ok,,,
ZTF25aaomnws,ok,,,
ZTF25aarmzhx,ok,,,
ZTF25aaurzyo,ok,,,
ZTF25aavahfn,ok,,,
ZTF25aawaobl,ok,,,
ZTF25aaxegmh,ok,,,
ZTF25abbzsku,ok,,,
ZTF25abclliu,ok,,,
ZTF25abcydiy,ok,,,
ZTF25abecvml,ok,,,
ZTF25abixhdc,ok,,,
ZTF25abkwytp,ok,,,
ZTF25ablgkgi,ok,,,
ZTF25ablulax,ok,,,
ZTF25abmjfcf,ok,,20,60
ZTF25abmsmeg,ok,,,
ZTF25abmtiec,ok,,,
ZTF25aboftol,check,cut,100,
ZTF25abqsbxy,ok,,,50
ZTF25abvbjre,ok,,,
ZTF25abvcnay,ok,,,
ZTF25abweqoj,ok,,,
ZTF25abwophe,ok,,,
ZTF25abxfsza,ok,,,
ZTF25abyevmr,ok,,,
ZTF25abyrwhz,ok,,,
ZTF25abzudli,ok,peak,,
ZTF25acbzkov,ok,,,
ZTF25accmopr,ok,,,
ZTF25acdktzt,ok,,,
ZTF25acemaph,ok,,,
ZTF25aceopyo,ok,,,10
ZTF25acgdfwz,ok,,,
ZTF26aaakmmc,ok,,,
ZTF26aadqfik,ok,,,
ZTF26aadqwlb,ok,,,
ZTF26aagbzrh,ok,,,
ZTF26aagrmky,ok,,,
ZTF26aahinar,ok,,,
ZTF26aahjdpb,ok,,,
ZTF26aajnayv,ok,,,
ZTF26aakdoou,ok,g-band stack,,
ZTF26aalsmpp,ok,,,
ZTF26aaqxhgb,ok,,,
ZTF26aarkqap,ok,g band stack,,
ZTF26aatlolu,ok,,,
ZTF26aaulhci,ok,,,
