ZTFID,best_kernel,AIC,BIC
ZTF18aaexyql,changepoint,-71.2124564421648,-63.543768486781694
ZTF18aakkrjm,changepoint_1,-142.85534110846078,-129.18238280859603
ZTF18aaqjovh,changepoint_1,-347.2892269499479,-327.0357100425964
ZTF18aaxiuyp,changepoint,-3007.9309776053237,-2955.315139277722
ZTF18abdffeo,matern32,-21.982608213809755,-13.989381152758533
ZTF18abdkkwa,changepoint,-5683.471297712077,-5622.474209059491
ZTF18abeamgv,matern32,-722.4766640862534,-706.0594733958865
ZTF18abecbks,changepoint_1,-1758.207790990272,-1722.7560165454765
ZTF18abeyqpr,matern32,-1522.1565502282497,-1502.277314353999
ZTF18abfcmjw,changepoint,-448.77549758038873,-422.6828503416411
ZTF18abfzhct,changepoint_1,-2044.3970970270038,-2008.0135503336664
ZTF18abhhnnv,changepoint,-839.4871266815721,-807.5258575522273
ZTF18abjyjdz,matern32,-107.42292330786472,-104.22763665978843
ZTF18abkjnqy,changepoint,-177.39489611827435,-164.30238667797454
ZTF18aboabxv,changepoint_1,-221.91310470967764,-207.25574568168037
ZTF18abukavn,changepoint_1,-971.3559877189946,-935.9433522674103
ZTF18abvkmgw,changepoint_1,-124.51783495248432,-116.18570151192216
ZTF18acbvpzj,matern32,-193.93876935862852,-185.14435394183016
ZTF18aceqrrs,matern32,-580.3954720972918,-567.6326657870212
ZTF18achcpwu,matern32,-283.33960831941135,-272.112402253964
ZTF18achdidy,changepoint,-278.21141618010387,-259.89508988470993
ZTF18acizepv,matern32,-904.8193250153522,-879.6563453581393
ZTF18acnncve,changepoint_1,-263.5267478537199,-248.56167223905507
ZTF18acsjrbc,changepoint_1,-411.59604307457215,-392.88403296549325
ZTF18acyxnyw,changepoint_1,-2176.3966613169796,-2120.445164572376
ZTF18aczcumi,matern32,-50.574298685610565,-49.061373220640334
ZTF18aczqzrj,changepoint_1,-350.5444472591604,-329.27310340870946
ZTF18adasisj,matern32,-355.23466112144945,-343.8837393327857
ZTF18adaykvg,matern32,-121.37197455687618,-116.0297440094992
ZTF19aadnhdo,changepoint_1,-698.9059457949425,-670.5431267254277
ZTF19aafmyow,changepoint,-4175.1576315070515,-4118.848107458433
ZTF19aailcgs,changepoint_1,-175.0059853894671,-160.99401157284555
ZTF19aailsge,changepoint,-114.85721455963869,-102.9084272769908
ZTF19aakirwj,matern32,-698.2582130149067,-682.9984443212867
ZTF19aakpcuw,changepoint,-3762.6341710255083,-3708.4292315031194
ZTF19aalfsqm,matern32,-64.34922913008035,-63.363106243399244
ZTF19aalouag,changepoint_1,-4087.530803780204,-4037.328392988351
ZTF19aamgghn,changepoint_1,-830.0589573433983,-800.222891126315
ZTF19aamsetj,changepoint,-441.4917728138672,-410.20442259943195
ZTF19aanesgt,changepoint_1,-248.22820252149688,-234.21622870487533
ZTF19aanfukh,changepoint_1,-361.845508179126,-344.0036118399434
ZTF19aanijpu,matern32,-820.1604616068447,-801.2570990462978
ZTF19aaoxvfe,matern32,-118.95034937404506,-112.40409465389516
ZTF19aarfyvc,changepoint_1,-1640.113750200972,-1603.453843475053
ZTF19aarphwc,changepoint,-3585.50368663029,-3532.257967318671
ZTF19aatheus,changepoint_1,-1771.107977601719,-1727.7950793458124
ZTF19aavitlq,changepoint_1,-1687.2979022459913,-1653.6381420957728
ZTF19aavouyw,matern32,-466.4645305973412,-452.28706876219513
ZTF19aavoweu,changepoint,-1032.9956082997383,-998.1323109584771
ZTF19aawfbtg,matern32,-1813.2548996759492,-1788.9490049602489
ZTF19aawhzsh,changepoint,-696.8587876338265,-652.3115881401865
ZTF19aawqcgy,gibbs,-645.1079216538398,-622.2294224189463
ZTF19aawsday,matern32,-216.08837240433454,-208.09514534328332
ZTF19aaxfcpq,changepoint,-741.0888819611228,-707.053499077705
ZTF19aaxzdtw,matern32,-1033.6517688131448,-1012.960979409936
ZTF19abafmwj,matern32,-1738.238816671661,-1714.1722615091985
ZTF19abauylg,changepoint_1,-755.8087994179255,-724.6096984414592
ZTF19abcegvm,matern32,-721.6527952978784,-706.7887744110092
ZTF19abdoior,changepoint,-1927.2564183648578,-1879.0639849231225
ZTF19abfiqjg,matern32,-319.4129909346605,-309.74748345879516
ZTF19abfsxpw,changepoint,-489.2144305678497,-458.57721582088504
ZTF19abfvnns,matern32,-2152.4040083512436,-2112.2266273682885
ZTF19ablesob,changepoint,-1719.3672233621755,-1674.3374098968427
ZTF19abnacvf,gibbs,-179.35256002098782,-167.88066238510666
ZTF19abpbopt,changepoint,-2277.173399392613,-2224.9633563165344
ZTF19abqmsbk,matern32,-233.11972963137129,-224.1406842625724
ZTF19abqqrgy,changepoint,-90.68101533613996,-79.34774758614267
ZTF19abqshry,changepoint,-765.4590766985198,-733.2735019730292
ZTF19abqwtfu,changepoint_1,-966.2057356249594,-928.4347935858627
ZTF19abqxibq,matern32,-583.3607177035047,-569.7846384412569
ZTF19abtsnyy,changepoint,-4721.022052222021,-4665.693699685407
ZTF19abupned,changepoint,-2107.7697408725576,-2059.1943010053283
ZTF19abvdgqo,matern32,-709.1975658897054,-692.8865726619348
ZTF19abzqywg,changepoint_1,-141.49063799731744,-133.15850455675528
ZTF19abztknu,changepoint,-2664.1943943461974,-2616.9123393135524
ZTF19abzwaen,changepoint,-320.1191229817242,-298.98472159340145
ZTF19acbmojx,matern32,-248.70131034364255,-238.56803361895894
ZTF19acbonaa,matern32,-3496.510260484175,-3471.881501089685
ZTF19acdabep,changepoint_1,-344.8917878124475,-327.51509162961383
ZTF19aceqjqw,matern32,-307.03177565284665,-294.0784771526886
ZTF19aceqvhl,matern32,-54.414405882296705,-52.42492951830485
ZTF19acfwynw,matern32,-460.2738904787591,-448.3399861993734
ZTF19acgjosf,matern32,-385.46869310622344,-372.90262573289084
ZTF19acgjpgh,changepoint,-233.65822478073648,-211.20381264984178
ZTF19ackjjwf,changepoint,-7514.750862707393,-7454.989951420652
ZTF19ackjrru,matern32,-847.6667888660481,-831.14524771941
ZTF19acllsbq,matern32,-62.09495626450585,-57.84665505789259
ZTF19acmelor,changepoint_1,-141.81473270077043,-128.49268759901838
ZTF19acxmpnz,changepoint_1,-63.93476036052934,-58.850216143375505
ZTF19acyogrm,changepoint,-593.2220822279544,-562.5755595287479
ZTF19adaivcf,matern32,-1318.7882127585196,-1299.8338809632326
ZTF19adcfsad,changepoint,-116.34194609218602,-103.80767683950495
ZTF20aadzbcf,matern32,-824.0478552656831,-795.8450396096327
ZTF20aaekkuv,matern32,-55.140323663287774,-51.750627518518556
ZTF20aaelulu,changepoint_1,-1160.0905448402223,-1112.346592499217
ZTF20aaertpj,changepoint_1,-110.14758017476919,-100.19025743922928
ZTF20aaetirf,changepoint_1,-42.9543546307757,-44.828519407723206
ZTF20aafmdzj,matern32,-125.213044367473,-117.21981730642179
ZTF20aagewqr,changepoint_1,-39.55697968273,-38.842005807611486
ZTF20aahbfmf,gibbs,-195.78858387570588,-179.3270006995746
ZTF20aaiftgi,matern32,-34.951935212668275,-32.04249531394027
ZTF20aaifybu,changepoint_1,-351.28420272671406,-325.9180343851555
ZTF20aaiqiti,changepoint_1,-2145.303754087366,-2104.8971981484797
ZTF20aajcdad,changepoint,-278.44993201812815,-255.74808844080064
ZTF20aakodyh,changepoint,-61.49657435950053,-58.168138336566024
ZTF20aalcyih,matern32,-326.4646813817062,-314.3125712372953
ZTF20aalxlis,changepoint_1,-1974.7158169987072,-1931.201605934594
ZTF20aamdyln,changepoint_1,-32.10247741372635,-31.387503538607827
ZTF20aammtwx,changepoint_1,-349.13012622796816,-328.18668060574714
ZTF20aamqmhj,matern32,-169.57405457250474,-160.77963915570638
ZTF20aaoflta,changepoint,-47.82742626784861,-42.0085464703926
ZTF20aapcbmc,changepoint,-9.360613615365082,-13.65679657858998
ZTF20aattyuz,changepoint_1,-339.1407903725533,-320.4287802634744
ZTF20aaurexl,changepoint_1,-326.61033951277767,-308.3239255478867
ZTF20aaurfnl,matern32,-19.04772885607573,-21.000539293905227
ZTF20aavcvrm,changepoint_1,-2633.7145007102736,-2591.5960989165615
ZTF20aavgcnu,changepoint,-2.19079757301256,-6.486980536237457
ZTF20aavhyel,changepoint_1,-183.86478425184777,-169.85281043522622
ZTF20aavzffg,changepoint_1,-216.90671692147134,-193.86606598942964
ZTF20aaxvzja,changepoint_1,-165.11917157440791,-152.16080291436464
ZTF20aazkjfv,changepoint_1,-260.9924678506091,-243.85674718356603
ZTF20aazpyhy,changepoint_1,-1641.3461621480883,-1602.7875152528322
ZTF20abaszgh,matern32,-220.77660491975462,-210.643328195071
ZTF20abbpkng,matern32,-186.31545596449087,-177.5210405476925
ZTF20abbplei,changepoint,-2068.690919107581,-2019.702746162262
ZTF20abcjdwu,changepoint,-1488.106794010875,-1443.5253008344673
ZTF20abefbpl,changepoint_1,-537.167930949727,-510.29876712833345
ZTF20abhlncz,changepoint,-1484.4268930143112,-1441.8778987529824
ZTF20abjpvce,matern32,-231.3530418458356,-221.68753436997025
ZTF20abkiarz,changepoint_1,-564.0698749058538,-536.9745728927304
ZTF20abobpcb,changepoint_1,-6434.461652607597,-6366.131299230437
ZTF20aborzxc,changepoint,-135.03446188854662,-120.89781592437126
ZTF20abpuwxl,gibbs,-809.4639460852576,-775.4285632018399
ZTF20abqdkne,changepoint,-370.3307536879895,-343.6966612258762
ZTF20abrcnbr,changepoint_1,-36.71074942459606,-37.197558083098244
ZTF20abrmmah,changepoint,-173.80536814067304,-160.71285870037326
ZTF20abswdbg,changepoint_1,-2443.258759482934,-2406.0884824688715
ZTF20abtkjfw,changepoint,-200.03265245353205,-182.44382161993533
ZTF20abusrwm,changepoint,-287.4009764112178,-265.1245395440618
ZTF20abvquuo,changepoint_1,-295.3047883367772,-276.80331231967665
ZTF20abvvnqh,matern32,-179.35170034332054,-170.5572849265222
ZTF20abwxywy,changepoint,-893.2236069133276,-845.1604660182002
ZTF20abxpoxd,changepoint_1,-6581.312484326023,-6525.7993642696865
ZTF20abywsut,changepoint_1,-229.37586388461983,-213.26668475817758
ZTF20abzjcdg,matern32,-130.69428205180606,-123.62595906971838
ZTF20abzoeiw,matern32,-238.28482001919366,-227.5796822156841
ZTF20accbsxa,changepoint,-137.69878455951954,-123.56213859534418
ZTF20acfqngt,changepoint,-514.8038922366745,-488.52803533235743
ZTF20achvlbs,changepoint,-287.69281704416585,-266.84078162476544
ZTF20acjbzrh,matern32,-169.67133442381245,-163.9938633441667
ZTF20aclnplo,changepoint_1,-713.3641164935598,-689.543850146821
ZTF20acphdcg,changepoint,-20185.97339518007,-20090.115838174177
ZTF20acpjqxp,changepoint,-573.4545014904702,-528.816115444265
ZTF20acpyldh,matern32,-3598.218852746949,-3561.8138049206245
ZTF20acpzaoa,matern32,-188.58158579616173,-180.37781081624289
ZTF20actekrw,changepoint_1,-1156.07071851183,-1127.628847647244
ZTF20actpqgc,changepoint,-1839.9980587083985,-1797.119932943274
ZTF20acueziy,changepoint_1,-658.3439876499061,-631.7367409641436
ZTF20acvcxkz,matern32,-2275.6330314613097,-2249.1678268507635
ZTF20acvebcu,changepoint,-844.9876095827282,-813.7255673508711
ZTF20acvmzfv,changepoint_1,-572.1433025418298,-550.2467551215656
ZTF20acwofhd,changepoint,-2844.8263377353237,-2792.0273977892593
ZTF20acxqxyw,matern32,-476.41786992110445,-461.5279292257888
ZTF20adadrhw,changepoint_1,-2145.4398318468375,-2086.9035612499342
ZTF21aaaosoq,changepoint,-1099.2510225907588,-1060.199720613468
ZTF21aaarmti,changepoint_1,-1096.6934355707706,-1069.157533659707
ZTF21aaaubig,changepoint,-2029.560929473916,-1964.1714702979348
ZTF21aacufip,changepoint,-750.9782888536929,-715.990766384714
ZTF21aagpymw,changepoint_1,-3855.434580136296,-3789.7836759178167
ZTF21aagtpro,changepoint_1,-2771.6754568064416,-2731.5627850624
ZTF21aahdqrg,changepoint_1,-994.3385608670128,-968.1873556986002
ZTF21aalhgqi,matern32,-679.5609499991375,-663.5277339110987
ZTF21aalhtgv,changepoint,-1694.5251942360342,-1656.9664096569572
ZTF21aannoix,changepoint,-939.7683402030075,-904.1977603738791
ZTF21aanvncv,changepoint_1,-2529.937441443042,-2488.2815702480084
ZTF21aaocrlm,matern32,-951.3118220109293,-932.3451106017429
ZTF21aapecxb,matern32,-283.01804911388655,-273.8598859661896
ZTF21aaqhhfu,changepoint,-2522.99214338202,-2462.072706132731
ZTF21aaqldsk,changepoint_1,-7532.021821254223,-7481.650057922112
ZTF21aaqwfqe,changepoint,-3162.9324760603454,-3113.702810102578
ZTF21aarmuxl,matern32,-488.6492961499195,-473.42858526065004
ZTF21aarnjyd,changepoint,-5682.058036872816,-5620.964532450715
ZTF21aartgiv,changepoint_1,-844.9496257032264,-817.2099513556869
ZTF21aaufwyh,changepoint_1,-637.7573826157977,-612.4126665905519
ZTF21aavdqgf,matern32,-3152.686422054203,-3125.254165074291
ZTF21aawogdl,changepoint,-1895.364006336467,-1853.0165665001057
ZTF21aaxtctv,changepoint,-1714.3833546531123,-1672.731267721114
ZTF21aaxxihx,matern32,-551.3620422816693,-536.2498606981517
ZTF21aayqrgx,changepoint_1,-2300.762339047463,-2263.4324360375867
ZTF21abahiow,changepoint_1,-2097.4335034814167,-2058.697433384932
ZTF21abbqeea,changepoint,-4067.928194923952,-4016.1698101776437
ZTF21abccaue,matern32,-1462.3860990623589,-1444.048624230269
ZTF21abcgaln,changepoint_1,-2580.20043387621,-2540.6995770905905
ZTF21abcgnql,changepoint,-1135.0136639524371,-1093.453394585452
ZTF21abchjer,changepoint_1,-1056.6285505705578,-1025.0856716155463
ZTF21abcpsjy,changepoint_1,-3256.8212264605254,-3207.671560755225
ZTF21abdkojo,changepoint_1,-945.9286045191127,-912.7282049283057
ZTF21abdxhgv,matern32,-2427.4706030023976,-2401.3599045215824
ZTF21abieuta,changepoint_1,-1146.0253214956615,-1115.002224274006
ZTF21abimeun,matern32,-203.27372932617993,-196.46076403060505
ZTF21abimnii,changepoint_1,-1007.9826855514339,-980.8873835383105
ZTF21abklcjq,changepoint,-5157.39741688275,-5102.147738733376
ZTF21abmjgwf,changepoint,-7205.139932395606,-7142.665539201185
ZTF21abmlldj,changepoint,-3769.2545706996225,-3697.7085402559796
ZTF21abmxiuf,changepoint,-2759.8119466765565,-2699.0750226643104
ZTF21abngbrl,matern32,-421.18249122563344,-409.9552851601861
ZTF21abplhpw,matern32,-1452.7744260505715,-1431.4254339998247
ZTF21abpwtde,gibbs,-1050.6995783530247,-1025.9951891977555
ZTF21abraccv,changepoint,-6549.814226653059,-6472.373159492278
ZTF21abrqria,matern32,-1482.4590963983085,-1462.7294942141414
ZTF21abrqrsz,changepoint,-736.0626281588974,-707.3292383028281
ZTF21absyjff,changepoint_1,-2736.132122021455,-2681.292244859157
ZTF21abvcugy,matern32,-581.0923519300708,-568.4271087450309
ZTF21abvcuhk,changepoint,-1631.3907142553471,-1593.9747885063462
ZTF21acbnfos,changepoint,-779.3033585137482,-745.3067917948118
ZTF21accwovq,matern32,-934.3493435917431,-918.7183224758146
ZTF21acdqgns,matern32,-333.0870838738048,-323.5859702430681
ZTF21acdxhuv,changepoint,-4500.337422930721,-4428.757221621302
ZTF21aceehxt,matern32,-987.6335489155753,-968.5418341845889
ZTF21acekmmm,matern32,-1018.87209357334,-992.6581996017155
ZTF21acgxypn,changepoint,-779.5071433166833,-746.1706168276014
ZTF21achgfbk,matern32,-1327.7759822851317,-1305.5034974330872
ZTF21aciuhqw,changepoint,-3823.9618644260977,-3755.5221428710674
ZTF21aciwixf,matern32,-443.680413945169,-426.11922047793615
ZTF21acizqkx,matern32,-115.38931177622564,-112.56456498891795
ZTF21acjxzsa,matern32,-616.8638202541916,-601.3272663179589
ZTF21aclzzhu,matern32,-149.51917197360513,-145.27087076699186
ZTF22aadeuwu,changepoint,-3013.7315412233233,-2948.8913221822972
ZTF22aadnjsh,matern32,-488.3214656303497,-475.00441939929306
ZTF22aadoihx,changepoint_1,-1453.3581447634006,-1418.1140712055558
ZTF22aadqlhy,changepoint_1,-1097.7111333389544,-1044.147131835628
ZTF22aaebkwd,changepoint_1,-1313.4235384164317,-1284.0787990851247
ZTF22aaezyos,matern32,-5339.857708739368,-5289.080991702906
ZTF22aagzmcz,changepoint,-570.8740138891178,-537.5813983114762
ZTF22aahxaiv,changepoint,-1636.0632890819466,-1593.7158492455853
ZTF22aajakms,changepoint_1,-901.7565597590858,-873.4347389955486
ZTF22aakpyqw,matern32,-912.8146984022749,-893.0165022411587
ZTF22aakyeps,changepoint,-1836.4046794387655,-1773.6685687152565
ZTF22aalfmec,changepoint_1,-651.3958430688369,-619.0435702623191
ZTF22aaolhhl,changepoint_1,-1216.6149361415746,-1185.7389727892507
ZTF22aaoolua,matern32,-620.5903448578424,-604.4618892054132
ZTF22aarbard,matern32,-1135.3669193730893,-1117.2236362480116
ZTF22aarqrxf,changepoint_1,-1311.0606394959268,-1277.512223416182
ZTF22aarwwyy,matern32,-831.2431227262877,-802.4911494942761
ZTF22aasxgjp,changepoint,-1775.2257917177722,-1713.6789770005805
ZTF22aatunnt,changepoint_1,-1332.1404639252291,-1299.6263662916153
ZTF22aazuotw,matern32,-107.86364088769562,-103.22810855425693
ZTF22abbdxho,matern32,-891.4788755491093,-872.0250110973285
ZTF22abbtqnp,changepoint_1,-434.7829702060409,-413.6742315643078
ZTF22abcsgeq,changepoint_1,-32.6221467294699,-36.137205517563
ZTF22abcvfgs,changepoint_1,-1472.0210576795564,-1423.236956258857
ZTF22abfrkoh,changepoint_1,-443.99384570435774,-423.21847126530054
ZTF22abfuwel,changepoint_1,-2943.8656819325297,-2904.676743389798
ZTF22abfyqsc,matern32,-669.2619666563645,-652.2462490644613
ZTF22abivebe,changepoint_1,-448.1403097625865,-426.3964370636302
ZTF22abjafpr,changepoint_1,-696.3078895711906,-667.9860688076534
ZTF22abkabeh,changepoint,-2330.3582673899996,-2284.270960611765
ZTF22abkbmob,matern32,-1691.9623740776046,-1657.7570240848818
ZTF22abllclb,changepoint,-583.5644257424607,-539.9705064875075
ZTF22abmonux,matern32,-453.23583958978986,-438.81273851596495
ZTF22abnpsou,changepoint,-5391.6635476951815,-5333.44292234647
ZTF22abnvurz,changepoint_1,-909.405252760152,-846.1561612438791
ZTF22absibqa,matern32,-209.25943620181914,-200.85225191184622
ZTF22absphuu,matern32,-1123.8942883405248,-1105.2950897735795
ZTF22abvcnnl,matern32,-468.87676687530484,-453.8748237905641
ZTF22abwtqeb,changepoint_1,-147.67265354538364,-135.89211524190418
ZTF22abzejiv,matern32,-98.967741206161,-95.7724545580847
ZTF23aaahtnj,changepoint_1,-408.2969404152328,-385.12205927986975
ZTF23aaaplam,matern32,-52.250143545629804,-53.29134619948953
ZTF23aaazffe,matern32,-616.7501016883579,-599.903066957508
ZTF23aaccacy,changepoint,-2089.544484198981,-2034.7046070366832
ZTF23aadaxfn,changepoint,-960.0092489679023,-903.6847473241919
ZTF23aadtrzd,changepoint_1,-699.9597613325997,-673.4858496126928
ZTF23aaecgwh,changepoint_1,-933.0988214934644,-903.3935374697478
ZTF23aaemnzd,matern32,-483.7186925818794,-469.2955915080545
ZTF23aafwykt,changepoint,-632.3894522766666,-601.2616132659249
ZTF23aahnmag,matern32,-2512.7192402316837,-2470.8627555736025
ZTF23aajakys,changepoint,-1105.2557767464232,-1067.9778288905006
ZTF23aakmewi,changepoint,-1599.2323585193321,-1544.015743262281
ZTF23aakstht,changepoint_1,-4775.66339298001,-4717.807277492136
ZTF23aamzljd,matern32,-656.3054285415061,-639.719293574237
ZTF23aandvzg,matern32,-2492.038854540181,-2465.70449486072
ZTF23aanqoyo,changepoint,-3752.113553768423,-3692.4682901289543
ZTF23aapbrrq,changepoint,-544.5858659523259,-499.52667136314403
ZTF23aaqekiu,changepoint_1,-1278.422870231716,-1240.181518737795
ZTF23aaspcfl,matern32,-1773.6882925597706,-1742.3625422496928
ZTF23aawtmcf,changepoint,-1372.9421407589457,-1326.5358877468443
ZTF23aaxuvkn,gibbs,-2998.549283890853,-2943.604307190116
ZTF23aazodoj,changepoint_1,-2244.8748926989374,-2205.665168218388
ZTF23aazuzip,matern32,-188.27928122813438,-180.96602627892517
ZTF23abadhsw,changepoint_1,-513.5030174388964,-487.0291057189897
ZTF23abaxlrz,changepoint,-1671.4279832001587,-1629.5633574741405
ZTF23abbpswf,changepoint_1,-432.94619775508994,-412.51568507674443
ZTF23abbskff,matern32,-162.37591830172235,-157.3972569339524
ZTF23abcglga,changepoint,-785.1230108728421,-751.7864843837602
ZTF23abfmlft,changepoint_1,-717.274536418034,-689.0667063118879
ZTF23abhyxpr,changepoint_1,-130.19541751560539,-112.18196975861514
ZTF23abjhbcr,matern32,-645.4189236540689,-627.842907108451
ZTF23abjrolk,matern32,-258.0268169795808,-245.22632720415714
ZTF23abjzkmx,changepoint_1,-390.4345255417999,-369.85131442181313
ZTF23abnpoqp,matern32,-214.05743177247024,-206.50885254434135
ZTF23abochfb,changepoint_1,-648.0329407079746,-613.0356053233509
ZTF23abomtjc,changepoint,-1845.9014881483124,-1799.4141498074102
ZTF23abovaur,matern32,-339.4373236722476,-328.08640188358385
ZTF23abvokyz,matern32,-379.38572393530757,-363.84916999907483
ZTF24aaabybk,changepoint_1,-236.68868536295844,-218.38950725553232
ZTF24aabuaij,matern32,-173.08556509984993,-164.48164187293906
ZTF24aacjcwl,matern32,-74.61628501947627,-71.07603401396521
ZTF24aacrbua,changepoint,-2807.8000122893886,-2738.1327494925627
ZTF24aadfmaf,changepoint,-2021.851772512974,-1965.0665551546506
ZTF24aaeczdw,changepoint,-675.0095895218539,-643.8817505111122
ZTF24aagfeti,changepoint,-4081.2638329486326,-4001.2264035231306
ZTF24aagkjca,matern32,-316.8636647071965,-304.69997737921295
ZTF24aagterj,matern32,-599.927476531216,-585.1320278192885
ZTF24aagtmbq,changepoint_1,-616.7700215514402,-590.2961098315334
ZTF24aahuzig,matern32,-512.2208780547578,-495.9057446727535
ZTF24aajdqbw,changepoint,-1504.8584049343767,-1464.5601413726622
ZTF24aajivqf,changepoint_1,-504.03721495002173,-482.2933422510654
ZTF24aajqamj,changepoint,-1168.1941186314293,-1128.2168590333895
ZTF24aakaiqs,changepoint,-11884.345288586266,-11813.403871427676
ZTF24aakftxp,matern32,-251.5944507828723,-242.6154054140734
ZTF24aancgyl,changepoint,-474.5723324583336,-443.4444934475919
ZTF24aaowjlw,changepoint_1,-2686.341213755683,-2635.2220263188588
ZTF24aapadbb,changepoint,-2443.9096188726844,-2373.1332672040953
ZTF24aateouu,changepoint_1,-1014.4423920399513,-984.1528999377813
ZTF24aawjwxx,changepoint_1,-1169.842503574623,-1134.0100544823174
ZTF24aawtoiv,changepoint_1,-5654.795104745027,-5605.770638533733
ZTF24aayikbu,changepoint,-181.21696100515484,-166.11980254889704
ZTF24aayimjt,changepoint_1,-635.7794157888823,-607.8031731839122
ZTF24aaymkrs,changepoint,-1898.0400342758471,-1835.0191597751163
ZTF24aaysowl,changepoint,-1658.7581448132144,-1593.368685637233
ZTF24aazmqbf,changepoint_1,-680.5448131628257,-657.1067589442888
ZTF24aazqavh,changepoint_1,-2529.8556949004146,-2487.7696937192295
ZTF24aaztbct,matern32,-246.58441366601534,-230.94538710146503
ZTF24abajmau,changepoint_1,-1902.7196770470396,-1865.3398873303443
ZTF24abavusp,changepoint_1,-681.4433120585402,-651.2490586465444
ZTF24abbsuhu,matern32,-268.6435202226821,-259.48535707498513
ZTF24abchdsc,changepoint,-181.35081454155994,-169.8610677266023
ZTF24abdiwwv,changepoint,-835.8835798411951,-788.8173010794462
ZTF24abhhzrp,changepoint_1,-492.0741496698695,-469.7330846238969
ZTF24abhsqly,matern32,-325.3594362365751,-313.1011286295678
ZTF24abiifei,matern32,-331.1334952750592,-320.16164689612464
ZTF24abimpmc,matern32,-239.0432691113775,-232.38224656050147
ZTF24abiwzzc,matern32,-337.97163503467954,-327.26649723117
ZTF24abkiblx,matern32,-585.5978420759157,-568.3364852453335
ZTF24ablmayf,matern32,-194.30093301950717,-187.2326100374195
ZTF24ablsxza,matern32,-480.43074533580466,-466.6879886889143
ZTF24abltheg,matern32,-257.67996223990514,-248.70091687110624
ZTF24abnafgr,changepoint_1,-1749.3641483023075,-1713.940234226446
ZTF24abncuhj,changepoint,-1163.6501550197818,-1120.9685065461879
ZTF24abnsght,matern32,-283.38724120853647,-273.4058713317586
ZTF24abpqghw,changepoint_1,-433.86573005402727,-411.98690554182025
ZTF24abqbyxd,matern32,-163.0919183479332,-157.86930615931607
ZTF24abroqvs,changepoint_1,-498.1217957732608,-474.20353580440883
ZTF24absrpsn,matern32,-374.5872311549014,-359.9268192193467
ZTF24absznoi,matern32,-405.8285284838498,-392.69060003169125
ZTF24abtlppf,changepoint_1,-529.1098883110146,-507.2133408907504
ZTF24abtmueg,matern32,-1175.0548064526138,-1139.3375416588485
ZTF24abtnkbi,changepoint_1,-693.8995388869059,-665.6917087807598
ZTF24abwmzop,changepoint_1,-902.0863982271693,-870.628461779191
ZTF24abxxniy,matern32,-104.90869341662003,-96.5015091266471
ZTF24abygyka,matern32,-407.94154096347404,-393.6401820886322
ZTF24abzgggz,matern32,-410.4901204921687,-397.8248773071289
ZTF24abzmhtv,matern32,-401.80611090640593,-388.66818245424736
ZTF25aaadytl,changepoint,-1489.2614601126816,-1443.1741533344473
ZTF25aaaecsu,changepoint,-1731.363803011634,-1672.4786623261987
ZTF25aaaeykb,matern32,-266.06117460674113,-255.49397391257975
ZTF25aabzbve,matern32,-207.13027420783942,-198.7230899178665
ZTF25aaccmjq,changepoint,-959.4194193318763,-910.714058249469
ZTF25aadnogd,changepoint,-1321.9082611354916,-1280.766043474486
ZTF25aafdnuf,changepoint_1,-955.4909777572345,-927.7841315125779
ZTF25aafedas,changepoint_1,-369.1558394206952,-350.2376364395889
ZTF25aafkxdu,matern32,-419.15054277350265,-405.49183674343266
ZTF25aajbcmc,matern32,-428.85378500429965,-415.44914597671607
ZTF25aajgfsk,matern32,-386.20593879587165,-367.66195170095386
ZTF25aakbbof,changepoint_1,-91.93915658226211,-85.54858328610953
ZTF25aakeqyr,matern32,-1005.2350767317242,-988.0762023055543
ZTF25aamplge,matern32,-131.92892086600898,-127.47706207652816
ZTF25aankyie,changepoint_1,-109.32390820989485,-104.47484171201485
ZTF25aanxtou,matern32,-634.0682809139378,-619.2728322020102
ZTF25aaomnws,changepoint,-796.0776600462754,-766.0799440023122
ZTF25aarmzhx,changepoint_1,-1051.686927237873,-1022.2705030117801
ZTF25aaurzyo,changepoint_1,-415.1615382126724,-393.0808731751152
ZTF25aavahfn,matern32,-290.48939648887887,-280.9882828581422
ZTF25aawaobl,changepoint_1,-831.2379669388752,-803.116123385151
ZTF25aaxegmh,changepoint,-1675.2402056410508,-1633.5881187090524
ZTF25abbzsku,matern32,-1217.6032137246139,-1196.4822548669094
ZTF25abclliu,changepoint_1,-1009.8134756355894,-982.3641543519569
ZTF25abcydiy,changepoint_1,-2735.6624995631482,-2694.703063441672
ZTF25abecvml,changepoint_1,-659.1051494690612,-620.6760996719756
ZTF25abixhdc,matern32,-1539.52927977418,-1502.9761700036574
ZTF25abkwytp,changepoint,-515.1946550864781,-484.1750453424312
ZTF25ablgkgi,changepoint,-799.5046510661555,-765.9551645189946
ZTF25ablulax,changepoint,-3732.482134843648,-3682.5223571952324
ZTF25abmjfcf,changepoint,-995.8958881193107,-950.3888947359733
ZTF25abmsmeg,changepoint_1,-640.6158607388578,-609.5044096285325
ZTF25abmtiec,matern32,-214.54034255766334,-206.13315826769042
ZTF25aboftol,matern32,-1712.2654990144383,-1687.9302541509178
ZTF25abqsbxy,matern32,-576.4762734736619,-559.629238742812
ZTF25abvbjre,matern32,-1213.149635395886,-1194.092737000443
ZTF25abvcnay,gibbs,-355.49526401139775,-341.0419640932352
ZTF25abweqoj,matern32,-111.5228711837548,-105.25573655741427
ZTF25abwophe,changepoint_1,-493.400722137347,-472.97020945900147
ZTF25abxfsza,changepoint,-2811.414238136439,-2751.629081376772
ZTF25abyevmr,changepoint,-2851.767324701215,-2799.3684163178186
ZTF25abyrwhz,changepoint_1,-2609.6239919474856,-2555.063837800571
ZTF25abzudli,changepoint_1,-278.794373540225,-258.2111624202382
ZTF25acbzkov,changepoint_1,-147.80043130382984,-136.01989300035038
ZTF25accmopr,changepoint,-2662.0022641872097,-2599.969702138469
ZTF25acdktzt,matern32,-463.2442764343786,-450.8816183711001
ZTF25acemaph,changepoint,-5220.372546028328,-5141.472449142738
ZTF25aceopyo,changepoint_1,-132.13475942111404,-122.96941263649566
ZTF25acgdfwz,matern32,-829.0095794731532,-812.334838514484
ZTF26aaakmmc,changepoint_1,-980.1192291313628,-944.6631874881024
ZTF26aadqfik,changepoint_1,-513.2060318482507,-488.3165532007963
ZTF26aadqwlb,changepoint,-400.5594392941657,-371.51605473440134
ZTF26aagbzrh,matern32,-422.1302492213526,-406.39078252700705
ZTF26aagrmky,changepoint_1,-700.4210907666047,-667.3582585970946
ZTF26aahinar,changepoint_1,-1819.233096926651,-1761.0670601999564
ZTF26aahjdpb,changepoint,-1074.9976328634966,-1027.7852157112948
ZTF26aajnayv,changepoint_1,-1604.1351580519647,-1569.9032923800428
ZTF26aakdoou,changepoint,-1007.8398274693047,-972.1557098005825
ZTF26aalsmpp,changepoint_1,-3446.733287738308,-3400.505397049241
ZTF26aaqxhgb,matern32,-480.03378384706264,-466.37507781699264
ZTF26aarkqap,matern32,-2329.875225568503,-2304.1860591076393
ZTF26aatlolu,matern32,-1929.488756961289,-1892.259311270609
ZTF26aaulhci,matern32,-443.39450597397615,-428.618388924763
