group,ZTFID,remark,verdict
changepoint_1_constant,ZTF18aaexyql,,bad
changepoint_1_constant,ZTF18aakkrjm,,keep
changepoint_1_constant,ZTF18aaqjovh,,bad
changepoint_1_constant,ZTF18aaxiuyp,,keep
changepoint_1_constant,ZTF18abdffeo,,bad
changepoint_1_constant,ZTF18abdkkwa,,good
changepoint_1_constant,ZTF18abeamgv,,good
changepoint_1_constant,ZTF18abecbks,,keep
changepoint_1_constant,ZTF18abeyqpr,,keep
changepoint_1_constant,ZTF18abfcmjw,,good
changepoint_1_constant,ZTF18abfzhct,,bad
changepoint_1_constant,ZTF18abhhnnv,,good
changepoint_1_constant,ZTF18abjyjdz,,keep
changepoint_1_constant,ZTF18abkjnqy,,keep
changepoint_1_constant,ZTF18aboabxv,,bad
changepoint_1_constant,ZTF18abukavn,,bad
changepoint_1_constant,ZTF18abvkmgw,,bad
changepoint_1_constant,ZTF18acbvpzj,,bad
changepoint_1_constant,ZTF18aceqrrs,,bad
changepoint_1_constant,ZTF18achcpwu,,bad
changepoint_1_constant,ZTF18achdidy,sdss,good
changepoint_1_constant,ZTF18acizepv,,good
changepoint_1_constant,ZTF18acnncve,,good
changepoint_1_constant,ZTF18acsjrbc,,good
changepoint_1_constant,ZTF18acyxnyw,,keep
changepoint_1_constant,ZTF18aczcumi,,bad
changepoint_1_constant,ZTF18aczqzrj,,good
changepoint_1_constant,ZTF18adasisj,,keep
changepoint_1_constant,ZTF18adaykvg,,bad
changepoint_1_constant,ZTF19aadnhdo,,bad
changepoint_1_constant,ZTF19aafmyow,,bad
changepoint_1_constant,ZTF19aailcgs,,keep
changepoint_1_constant,ZTF19aailsge,,keep
changepoint_1_constant,ZTF19aakirwj,,bad
changepoint_1_constant,ZTF19aakpcuw,,bad
changepoint_1_constant,ZTF19aalfsqm,,bad
changepoint_1_constant,ZTF19aalouag,,good
changepoint_1_constant,ZTF19aamgghn,,good
changepoint_1_constant,ZTF19aamsetj,,keep
changepoint_1_constant,ZTF19aanesgt,,bad
changepoint_1_constant,ZTF19aanfukh,,bad
changepoint_1_constant,ZTF19aanijpu,,keep
changepoint_1_constant,ZTF19aaoxvfe,,keep
changepoint_1_constant,ZTF19aarfyvc,,good
changepoint_1_constant,ZTF19aarphwc,,bad
changepoint_1_constant,ZTF19aatheus,,good
changepoint_1_constant,ZTF19aavitlq,,keep
changepoint_1_constant,ZTF19aavouyw,,bad
changepoint_1_constant,ZTF19aavoweu,,keep
changepoint_1_constant,ZTF19aawfbtg,,bad
changepoint_1_constant,ZTF19aawhzsh,,bad
changepoint_1_constant,ZTF19aawqcgy,,bad
changepoint_1_constant,ZTF19aawsday,,bad
changepoint_1_constant,ZTF19aaxfcpq,,bad
changepoint_1_constant,ZTF19aaxzdtw,,keep
changepoint_1_constant,ZTF19abafmwj,,keep
changepoint_1_constant,ZTF19abauylg,,bad
changepoint_1_constant,ZTF19abcegvm,,good
changepoint_1_constant,ZTF19abdoior,,bad
changepoint_1_constant,ZTF19abfiqjg,,keep
changepoint_1_constant,ZTF19abfsxpw,,bad
changepoint_1_constant,ZTF19abfvnns,,keep
changepoint_1_constant,ZTF19ablesob,,bad
changepoint_1_constant,ZTF19abnacvf,,keep
changepoint_1_constant,ZTF19abpbopt,,bad
changepoint_1_constant,ZTF19abqmsbk,,keep
changepoint_1_constant,ZTF19abqqrgy,,good
changepoint_1_constant,ZTF19abqshry,,good
changepoint_1_constant,ZTF19abqwtfu,,keep
changepoint_1_constant,ZTF19abqxibq,,bad
changepoint_1_constant,ZTF19abtsnyy,,bad
changepoint_1_constant,ZTF19abupned,,keep
changepoint_1_constant,ZTF19abvdgqo,,keep
changepoint_1_constant,ZTF19abzqywg,,bad
changepoint_1_constant,ZTF19abztknu,,bad
changepoint_1_constant,ZTF19abzwaen,,keep
changepoint_1_constant,ZTF19acbmojx,,good
changepoint_1_constant,ZTF19acbonaa,,bad
changepoint_1_constant,ZTF19acdabep,,keep
changepoint_1_constant,ZTF19aceqjqw,,bad
changepoint_1_constant,ZTF19aceqvhl,,bad
changepoint_1_constant,ZTF19acfwynw,,bad
changepoint_1_constant,ZTF19acgjosf,,good
changepoint_1_constant,ZTF19acgjpgh,,good
changepoint_1_constant,ZTF19ackjjwf,,bad
changepoint_1_constant,ZTF19ackjrru,,bad
changepoint_1_constant,ZTF19acllsbq,,bad
changepoint_1_constant,ZTF19acmelor,,bad
changepoint_1_constant,ZTF19acxmpnz,,good
changepoint_1_constant,ZTF19acyogrm,,bad
changepoint_1_constant,ZTF19adaivcf,,keep
changepoint_1_constant,ZTF19adcfsad,,bad
changepoint_1_constant,ZTF20aadzbcf,,keep
changepoint_1_constant,ZTF20aaekkuv,,keep
changepoint_1_constant,ZTF20aaelulu,l15,bad
changepoint_1_constant,ZTF20aaertpj,,bad
changepoint_1_constant,ZTF20aaetirf,,bad
changepoint_1_constant,ZTF20aafmdzj,,keep
changepoint_1_constant,ZTF20aagewqr,,bad
changepoint_1_constant,ZTF20aahbfmf,,keep
changepoint_1_constant,ZTF20aaiahra,,bad
changepoint_1_constant,ZTF20aaiftgi,,good
changepoint_1_constant,ZTF20aaifybu,,bad
changepoint_1_constant,ZTF20aaiqiti,,bad
changepoint_1_constant,ZTF20aajcdad,,keep
changepoint_1_constant,ZTF20aakodyh,,bad
changepoint_1_constant,ZTF20aalcyih,,bad
changepoint_1_constant,ZTF20aalxlis,,keep
changepoint_1_constant,ZTF20aamdyln,,bad
changepoint_1_constant,ZTF20aammtwx,,bad
changepoint_1_constant,ZTF20aamqmhj,,bad
changepoint_1_constant,ZTF20aanvmdt,,good
changepoint_1_constant,ZTF20aaoflta,,bad
changepoint_1_constant,ZTF20aapcbmc,,keep
changepoint_1_constant,ZTF20aattyuz,,keep
changepoint_1_constant,ZTF20aaurexl,,bad
changepoint_1_constant,ZTF20aaurfnl,,bad
changepoint_1_constant,ZTF20aavcvrm,,good
changepoint_1_constant,ZTF20aavgcnu,,bad
changepoint_1_constant,ZTF20aavhyel,,bad
changepoint_1_constant,ZTF20aavzffg,,bad
changepoint_1_constant,ZTF20aaxvzja,,bad
changepoint_1_constant,ZTF20aazkjfv,,bad
changepoint_1_constant,ZTF20aazpyhy,,keep
changepoint_1_constant,ZTF20abaszgh,,keep
changepoint_1_constant,ZTF20abbpkng,,keep
changepoint_1_constant,ZTF20abbplei,,bad
changepoint_1_constant,ZTF20abcjdwu,,bad
changepoint_1_constant,ZTF20abdnpdo,,bad
changepoint_1_constant,ZTF20abefbpl,,bad
changepoint_1_constant,ZTF20abhlncz,,bad
changepoint_1_constant,ZTF20abjpvce,,bad
changepoint_1_constant,ZTF20abkiarz,,bad
changepoint_1_constant,ZTF20abobpcb,,bad
changepoint_1_constant,ZTF20aborzxc,,bad
changepoint_1_constant,ZTF20abpuwxl,,keep
changepoint_1_constant,ZTF20abqdkne,,keep
changepoint_1_constant,ZTF20abrcnbr,,bad
changepoint_1_constant,ZTF20abrmmah,,keep
changepoint_1_constant,ZTF20abswdbg,,bad
changepoint_1_constant,ZTF20abtkjfw,,bad
changepoint_1_constant,ZTF20abusrwm,,bad
changepoint_1_constant,ZTF20abvquuo,,bad
changepoint_1_constant,ZTF20abvvnqh,,bad
changepoint_1_constant,ZTF20abwxywy,,bad
changepoint_1_constant,ZTF20abxpoxd,,good
changepoint_1_constant,ZTF20abysxbk,,bad
changepoint_1_constant,ZTF20abywsut,,keep
changepoint_1_constant,ZTF20abzjcdg,,keep
changepoint_1_constant,ZTF20abzoeiw,,bad
changepoint_1_constant,ZTF20accbsxa,,keep
changepoint_1_constant,ZTF20acfqngt,,bad
changepoint_1_constant,ZTF20achvlbs,,keep
changepoint_1_constant,ZTF20acjbzrh,,bad
changepoint_1_constant,ZTF20aclnplo,,bad
changepoint_1_constant,ZTF20acphdcg,,bad
changepoint_1_constant,ZTF20acpjqxp,,keep
changepoint_1_constant,ZTF20acpyldh,"r100, sdss_all, ztfi",good
changepoint_1_constant,ZTF20acpzaoa,,bad
changepoint_1_constant,ZTF20actekrw,,bad
changepoint_1_constant,ZTF20actpqgc,,bad
changepoint_1_constant,ZTF20acueziy,,bad
changepoint_1_constant,ZTF20acvcxkz,,bad
changepoint_1_constant,ZTF20acvebcu,,bad
changepoint_1_constant,ZTF20acvmzfv,,bad
changepoint_1_constant,ZTF20acwofhd,,bad
changepoint_1_constant,ZTF20acxqxyw,,bad
changepoint_1_constant,ZTF20adadrhw,,bad
changepoint_1_constant,ZTF21aaaosoq,,bad
changepoint_1_constant,ZTF21aaarmti,,keep
changepoint_1_constant,ZTF21aaaubig,,bad
changepoint_1_constant,ZTF21aacufip,ok,good
changepoint_1_constant,ZTF21aagpymw,,keep
changepoint_1_constant,ZTF21aagtpro,,bad
changepoint_1_constant,ZTF21aahdqrg,,good
changepoint_1_constant,ZTF21aalhgqi,,keep
changepoint_1_constant,ZTF21aalhtgv,,bad
changepoint_1_constant,ZTF21aannoix,,bad
changepoint_1_constant,ZTF21aanvncv,,keep
changepoint_1_constant,ZTF21aaocrlm,,bad
changepoint_1_constant,ZTF21aapecxb,half_r,good
changepoint_1_constant,ZTF21aaqhhfu,,bad
changepoint_1_constant,ZTF21aaqldsk,,bad
changepoint_1_constant,ZTF21aaqwfqe,,bad
changepoint_1_constant,ZTF21aarmuxl,,bad
changepoint_1_constant,ZTF21aarnjyd,,bad
changepoint_1_constant,ZTF21aartgiv,,bad
changepoint_1_constant,ZTF21aaufwyh,,keep
changepoint_1_constant,ZTF21aavdqgf,,bad
changepoint_1_constant,ZTF21aawogdl,,bad
changepoint_1_constant,ZTF21aaxtctv,,bad
changepoint_1_constant,ZTF21aaxxihx,,keep
changepoint_1_constant,ZTF21aayqrgx,,good
changepoint_1_constant,ZTF21abahiow,,good
changepoint_1_constant,ZTF21abbqeea,,bad
changepoint_1_constant,ZTF21abccaue,,keep
changepoint_1_constant,ZTF21abcgaln,,good
changepoint_1_constant,ZTF21abcgnql,,bad
changepoint_1_constant,ZTF21abchjer,,bad
changepoint_1_constant,ZTF21abcpsjy,,bad
changepoint_1_constant,ZTF21abdkojo,,bad
changepoint_1_constant,ZTF21abdxhgv,,keep
changepoint_1_constant,ZTF21abieuta,,bad
changepoint_1_constant,ZTF21abimeun,,keep
changepoint_1_constant,ZTF21abimnii,,keep
changepoint_1_constant,ZTF21abklcjq,,keep
changepoint_1_constant,ZTF21abmjgwf,,bad
changepoint_1_constant,ZTF21abmlldj,,bad
changepoint_1_constant,ZTF21abmxiuf,,good
changepoint_1_constant,ZTF21abngbrl,,bad
changepoint_1_constant,ZTF21abplhpw,,keep
changepoint_1_constant,ZTF21abpwtde,,bad
changepoint_1_constant,ZTF21abraccv,,keep
changepoint_1_constant,ZTF21abrqria,,bad
changepoint_1_constant,ZTF21abrqrsz,,bad
changepoint_1_constant,ZTF21absyjff,,good
changepoint_1_constant,ZTF21abvcugy,,bad
changepoint_1_constant,ZTF21abvcuhk,,keep
changepoint_1_constant,ZTF21acbnfos,,bad
changepoint_1_constant,ZTF21accwovq,,keep
changepoint_1_constant,ZTF21acdqgns,,bad
changepoint_1_constant,ZTF21acdxhuv,ok,good
changepoint_1_constant,ZTF21aceehxt,,keep
changepoint_1_constant,ZTF21acekmmm,,keep
changepoint_1_constant,ZTF21acgxypn,,bad
changepoint_1_constant,ZTF21achgfbk,,bad
changepoint_1_constant,ZTF21aciuhqw,,bad
changepoint_1_constant,ZTF21aciwixf,,bad
changepoint_1_constant,ZTF21acizqkx,,bad
changepoint_1_constant,ZTF21acjxzsa,,bad
changepoint_1_constant,ZTF21aclzzhu,,bad
changepoint_1_constant,ZTF22aadeuwu,,keep
changepoint_1_constant,ZTF22aadnjsh,,good
changepoint_1_constant,ZTF22aadoihx,,keep
changepoint_1_constant,ZTF22aadqlhy,,keep
changepoint_1_constant,ZTF22aaebkwd,,bad
changepoint_1_constant,ZTF22aaezyos,,keep
changepoint_1_constant,ZTF22aagzmcz,,good
changepoint_1_constant,ZTF22aahxaiv,,bad
changepoint_1_constant,ZTF22aajakms,,keep
changepoint_1_constant,ZTF22aakpyqw,,bad
changepoint_1_constant,ZTF22aakyeps,,bad
changepoint_1_constant,ZTF22aalfmec,,bad
changepoint_1_constant,ZTF22aaolhhl,,bad
changepoint_1_constant,ZTF22aaoolua,,keep
changepoint_1_constant,ZTF22aarbard,,bad
changepoint_1_constant,ZTF22aarqrxf,,keep
changepoint_1_constant,ZTF22aarwwyy,,bad
changepoint_1_constant,ZTF22aasxgjp,,bad
changepoint_1_constant,ZTF22aatunnt,,good
changepoint_1_constant,ZTF22aazuotw,,bad
changepoint_1_constant,ZTF22abbdxho,,keep
changepoint_1_constant,ZTF22abbtqnp,,keep
changepoint_1_constant,ZTF22abcsgeq,,bad
changepoint_1_constant,ZTF22abcvfgs,,bad
changepoint_1_constant,ZTF22abfrkoh,,keep
changepoint_1_constant,ZTF22abfuwel,,bad
changepoint_1_constant,ZTF22abfyqsc,,bad
changepoint_1_constant,ZTF22abivebe,,keep
changepoint_1_constant,ZTF22abjafpr,,good
changepoint_1_constant,ZTF22abkabeh,,keep
changepoint_1_constant,ZTF22abkbmob,,bad
changepoint_1_constant,ZTF22abllclb,,bad
changepoint_1_constant,ZTF22abmonux,,bad
changepoint_1_constant,ZTF22abnpsou,,good
changepoint_1_constant,ZTF22abnvurz,,bad
changepoint_1_constant,ZTF22absibqa,,keep
changepoint_1_constant,ZTF22absphuu,,bad
changepoint_1_constant,ZTF22abvcnnl,,keep
changepoint_1_constant,ZTF22abwtqeb,,good
changepoint_1_constant,ZTF22abzejiv,,bad
changepoint_1_constant,ZTF23aaahtnj,,bad
changepoint_1_constant,ZTF23aaaplam,,bad
changepoint_1_constant,ZTF23aaazffe,,keep
changepoint_1_constant,ZTF23aaccacy,,bad
changepoint_1_constant,ZTF23aadaxfn,,bad
changepoint_1_constant,ZTF23aadtrzd,,bad
changepoint_1_constant,ZTF23aaecgwh,,bad
changepoint_1_constant,ZTF23aaemnzd,,bad
changepoint_1_constant,ZTF23aafwykt,,good
changepoint_1_constant,ZTF23aahnmag,,keep
changepoint_1_constant,ZTF23aajakys,,bad
changepoint_1_constant,ZTF23aakmewi,,bad
changepoint_1_constant,ZTF23aakstht,,keep
changepoint_1_constant,ZTF23aamzljd,,keep
changepoint_1_constant,ZTF23aandvzg,,keep
changepoint_1_constant,ZTF23aanqoyo,,good
changepoint_1_constant,ZTF23aapbrrq,,keep
changepoint_1_constant,ZTF23aaqekiu,,keep
changepoint_1_constant,ZTF23aaspcfl,,bad
changepoint_1_constant,ZTF23aawtmcf,,keep
changepoint_1_constant,ZTF23aaxuvkn,,bad
changepoint_1_constant,ZTF23aazodoj,,keep
changepoint_1_constant,ZTF23aazuzip,,bad
changepoint_1_constant,ZTF23abadhsw,,good
changepoint_1_constant,ZTF23abaxlrz,,keep
changepoint_1_constant,ZTF23abbpswf,,good
changepoint_1_constant,ZTF23abbskff,,bad
changepoint_1_constant,ZTF23abcglga,,good
changepoint_1_constant,ZTF23abfmlft,,keep
changepoint_1_constant,ZTF23abhyxpr,,bad
changepoint_1_constant,ZTF23abjhbcr,sdssi sdssg sdssr,good
changepoint_1_constant,ZTF23abjrolk,,bad
changepoint_1_constant,ZTF23abjzkmx,,
changepoint_1_constant,ZTF23abnpoqp,,keep
changepoint_1_constant,ZTF23abochfb,,
changepoint_1_constant,ZTF23abomtjc,,good
changepoint_1_constant,ZTF23abovaur,,
changepoint_1_constant,ZTF23abvokyz,,
changepoint_1_constant,ZTF24aaabybk,,
changepoint_1_constant,ZTF24aabuaij,,
changepoint_1_constant,ZTF24aacjcwl,,
changepoint_1_constant,ZTF24aacrbua,,keep
changepoint_1_constant,ZTF24aadfmaf,,
changepoint_1_constant,ZTF24aaeczdw,,
changepoint_1_constant,ZTF24aagfeti,,
changepoint_1_constant,ZTF24aagkjca,,
changepoint_1_constant,ZTF24aagterj,,
changepoint_1_constant,ZTF24aagtmbq,,
changepoint_1_constant,ZTF24aahuzig,,
changepoint_1_constant,ZTF24aajdqbw,,
changepoint_1_constant,ZTF24aajivqf,,
changepoint_1_constant,ZTF24aajqamj,,good
changepoint_1_constant,ZTF24aakaiqs,,
changepoint_1_constant,ZTF24aakftxp,,bad
changepoint_1_constant,ZTF24aancgyl,,good
changepoint_1_constant,ZTF24aaowjlw,,
changepoint_1_constant,ZTF24aapadbb,,good
changepoint_1_constant,ZTF24aateouu,,good
changepoint_1_constant,ZTF24aawjwxx,,
changepoint_1_constant,ZTF24aawtoiv,,good
changepoint_1_constant,ZTF24aayikbu,,
changepoint_1_constant,ZTF24aayimjt,,
changepoint_1_constant,ZTF24aaymkrs,,
changepoint_1_constant,ZTF24aaysowl,,
changepoint_1_constant,ZTF24aazmqbf,,
changepoint_1_constant,ZTF24aazqavh,,
changepoint_1_constant,ZTF24aaztbct,,
changepoint_1_constant,ZTF24abajmau,,good
changepoint_1_constant,ZTF24abavusp,,
changepoint_1_constant,ZTF24abbsuhu,,good
changepoint_1_constant,ZTF24abchdsc,,
changepoint_1_constant,ZTF24abdiwwv,,
changepoint_1_constant,ZTF24abhhzrp,,
changepoint_1_constant,ZTF24abhsqly,,
changepoint_1_constant,ZTF24abiifei,,
changepoint_1_constant,ZTF24abimpmc,,
changepoint_1_constant,ZTF24abiwzzc,,
changepoint_1_constant,ZTF24abkiblx,,
changepoint_1_constant,ZTF24ablmayf,,
changepoint_1_constant,ZTF24ablsxza,,
changepoint_1_constant,ZTF24abltheg,,
changepoint_1_constant,ZTF24abnafgr,,good
changepoint_1_constant,ZTF24abncuhj,,
changepoint_1_constant,ZTF24abnsght,,
changepoint_1_constant,ZTF24abpqghw,,good
changepoint_1_constant,ZTF24abqbyxd,,
changepoint_1_constant,ZTF24abroqvs,,good
changepoint_1_constant,ZTF24absrpsn,,
changepoint_1_constant,ZTF24absznoi,,
changepoint_1_constant,ZTF24abtlppf,,
changepoint_1_constant,ZTF24abtmueg,,
changepoint_1_constant,ZTF24abtnkbi,,
changepoint_1_constant,ZTF24abwmzop,,good
changepoint_1_constant,ZTF24abxxniy,,
changepoint_1_constant,ZTF24abygyka,,
changepoint_1_constant,ZTF24abzgggz,,
changepoint_1_constant,ZTF24abzmhtv,,
changepoint_1_constant,ZTF25aaadytl,,
changepoint_1_constant,ZTF25aaaecsu,,
changepoint_1_constant,ZTF25aaaeykb,,
changepoint_1_constant,ZTF25aabzbve,,
changepoint_1_constant,ZTF25aaccmjq,,
changepoint_1_constant,ZTF25aadnogd,,
changepoint_1_constant,ZTF25aafdnuf,,good
changepoint_1_constant,ZTF25aafedas,,good
changepoint_1_constant,ZTF25aafkxdu,,
changepoint_1_constant,ZTF25aajgfsk,,
changepoint_1_constant,ZTF25aajuqtp,peak,bad
changepoint_1_constant,ZTF25aakbbof,,
changepoint_1_constant,ZTF25aakeqyr,,
changepoint_1_constant,ZTF25aamplge,,
changepoint_1_constant,ZTF25aankyie,,
changepoint_1_constant,ZTF25aanxtou,,
changepoint_1_constant,ZTF25aaomnws,,
changepoint_1_constant,ZTF25aarmzhx,,
changepoint_1_constant,ZTF25aaurzyo,,
changepoint_1_constant,ZTF25aavahfn,,
changepoint_1_constant,ZTF25aawaobl,,bad
changepoint_1_constant,ZTF25aaxegmh,,
changepoint_1_constant,ZTF25abbzsku,,
changepoint_1_constant,ZTF25abclliu,,
changepoint_1_constant,ZTF25abcydiy,,
changepoint_1_constant,ZTF25abecvml,,
changepoint_1_constant,ZTF25abixhdc,,
changepoint_1_constant,ZTF25abkwytp,,good
changepoint_1_constant,ZTF25ablgkgi,,
changepoint_1_constant,ZTF25ablulax,,
changepoint_1_constant,ZTF25abmjfcf,,
changepoint_1_constant,ZTF25abmsmeg,,
changepoint_1_constant,ZTF25abmtiec,,
changepoint_1_constant,ZTF25aboftol,,
changepoint_1_constant,ZTF25abqsbxy,,
changepoint_1_constant,ZTF25abvcnay,,
changepoint_1_constant,ZTF25abweqoj,,
changepoint_1_constant,ZTF25abwophe,,
changepoint_1_constant,ZTF25abxfsza,,
changepoint_1_constant,ZTF25abyevmr,,
changepoint_1_constant,ZTF25abyrwhz,,good
changepoint_1_constant,ZTF25abzudli,,
changepoint_1_constant,ZTF25acbzkov,,
changepoint_1_constant,ZTF25accmopr,,
changepoint_1_constant,ZTF25acdktzt,,
changepoint_1_constant,ZTF25acemaph,,
changepoint_1_constant,ZTF25aceopyo,,
changepoint_1_constant,ZTF25acgdfwz,,
changepoint_1_constant,ZTF26aaakmmc,,
changepoint_1_constant,ZTF26aadqfik,,
changepoint_1_constant,ZTF26aadqwlb,,
changepoint_1_constant,ZTF26aagbzrh,,
changepoint_1_constant,ZTF26aagrmky,,
changepoint_1_constant,ZTF26aahinar,,
changepoint_1_constant,ZTF26aahjdpb,,
changepoint_1_constant,ZTF26aajnayv,,
changepoint_1_constant,ZTF26aakdoou,ztfg sdssr sdssi,good
changepoint_1_constant,ZTF26aalsmpp,,good
changepoint_1_constant,ZTF26aaqxhgb,,bad
changepoint_1_constant,ZTF26aarkqap,,
changepoint_1_constant,ZTF26aatlolu,,
changepoint_1_constant,ZTF26aaulhci,,
changepoint_constant,ZTF18aaexyql,,bad
changepoint_constant,ZTF18aakkrjm,,keep
changepoint_constant,ZTF18aaqjovh,,bad
changepoint_constant,ZTF18aaxiuyp,,keep
changepoint_constant,ZTF18abdffeo,,bad
changepoint_constant,ZTF18abdkkwa,,keep
changepoint_constant,ZTF18abeamgv,,bad
changepoint_constant,ZTF18abecbks,,keep
changepoint_constant,ZTF18abeyqpr,,good
changepoint_constant,ZTF18abfcmjw,,keep
changepoint_constant,ZTF18abfzhct,,bad
changepoint_constant,ZTF18abhhnnv,,keep
changepoint_constant,ZTF18abjyjdz,,bad
changepoint_constant,ZTF18abkjnqy,,bad
changepoint_constant,ZTF18aboabxv,,good
changepoint_constant,ZTF18abukavn,,bad
changepoint_constant,ZTF18abvkmgw,,bad
changepoint_constant,ZTF18acbvpzj,,bad
changepoint_constant,ZTF18aceqrrs,,bad
changepoint_constant,ZTF18achcpwu,,bad
changepoint_constant,ZTF18achdidy,,bad
changepoint_constant,ZTF18acizepv,,keep
changepoint_constant,ZTF18acnncve,,keep
changepoint_constant,ZTF18acsjrbc,,bad
changepoint_constant,ZTF18acyxnyw,,keep
changepoint_constant,ZTF18aczcumi,,bad
changepoint_constant,ZTF18aczqzrj,,keep
changepoint_constant,ZTF18adasisj,,bad
changepoint_constant,ZTF18adaykvg,,bad
changepoint_constant,ZTF19aadnhdo,,bad
changepoint_constant,ZTF19aafmyow,,bad
changepoint_constant,ZTF19aailcgs,,bad
changepoint_constant,ZTF19aailsge,,bad
changepoint_constant,ZTF19aakirwj,,bad
changepoint_constant,ZTF19aakpcuw,,bad
changepoint_constant,ZTF19aalfsqm,,bad
changepoint_constant,ZTF19aalouag,,keep
changepoint_constant,ZTF19aamgghn,,bad
changepoint_constant,ZTF19aamsetj,,good
changepoint_constant,ZTF19aanesgt,,bad
changepoint_constant,ZTF19aanfukh,,bad
changepoint_constant,ZTF19aanijpu,,good
changepoint_constant,ZTF19aaoxvfe,,keep
changepoint_constant,ZTF19aarfyvc,,bad
changepoint_constant,ZTF19aarphwc,,keep
changepoint_constant,ZTF19aatheus,,bad
changepoint_constant,ZTF19aavitlq,,good
changepoint_constant,ZTF19aavouyw,,bad
changepoint_constant,ZTF19aavoweu,,good
changepoint_constant,ZTF19aawfbtg,,good
changepoint_constant,ZTF19aawhzsh,,bad
changepoint_constant,ZTF19aawqcgy,,bad
changepoint_constant,ZTF19aawsday,,bad
changepoint_constant,ZTF19aaxfcpq,,bad
changepoint_constant,ZTF19aaxzdtw,,keep
changepoint_constant,ZTF19abafmwj,,keep
changepoint_constant,ZTF19abauylg,,bad
changepoint_constant,ZTF19abcegvm,,keep
changepoint_constant,ZTF19abdoior,,bad
changepoint_constant,ZTF19abfiqjg,,good
changepoint_constant,ZTF19abfsxpw,,bad
changepoint_constant,ZTF19abfvnns,,good
changepoint_constant,ZTF19ablesob,,bad
changepoint_constant,ZTF19abnacvf,,keep
changepoint_constant,ZTF19abpbopt,,bad
changepoint_constant,ZTF19abqmsbk,,good
changepoint_constant,ZTF19abqqrgy,,bad
changepoint_constant,ZTF19abqshry,,bad
changepoint_constant,ZTF19abqwtfu,,good
changepoint_constant,ZTF19abqxibq,,good
changepoint_constant,ZTF19abtsnyy,,bad
changepoint_constant,ZTF19abupned,,keep
changepoint_constant,ZTF19abvdgqo,,good
changepoint_constant,ZTF19abzqywg,,bad
changepoint_constant,ZTF19abztknu,,bad
changepoint_constant,ZTF19abzwaen,,bad
changepoint_constant,ZTF19acbmojx,,bad
changepoint_constant,ZTF19acbonaa,,bad
changepoint_constant,ZTF19acdabep,,bad
changepoint_constant,ZTF19aceqjqw,,bad
changepoint_constant,ZTF19aceqvhl,,bad
changepoint_constant,ZTF19acfwynw,,bad
changepoint_constant,ZTF19acgjosf,,bad
changepoint_constant,ZTF19acgjpgh,,keep
changepoint_constant,ZTF19ackjjwf,,bad
changepoint_constant,ZTF19ackjrru,,bad
changepoint_constant,ZTF19acllsbq,,bad
changepoint_constant,ZTF19acmelor,,bad
changepoint_constant,ZTF19acxmpnz,,bad
changepoint_constant,ZTF19acyogrm,,bad
changepoint_constant,ZTF19adaivcf,,bad
changepoint_constant,ZTF19adcfsad,,bad
changepoint_constant,ZTF20aadzbcf,,keep
changepoint_constant,ZTF20aaekkuv,,bad
changepoint_constant,ZTF20aaelulu,,bad
changepoint_constant,ZTF20aaertpj,,bad
changepoint_constant,ZTF20aaetirf,,bad
changepoint_constant,ZTF20aafmdzj,,bad
changepoint_constant,ZTF20aagewqr,,bad
changepoint_constant,ZTF20aahbfmf,,bad
changepoint_constant,ZTF20aaiahra,,bad
changepoint_constant,ZTF20aaiftgi,,bad
changepoint_constant,ZTF20aaifybu,,bad
changepoint_constant,ZTF20aaiqiti,,bad
changepoint_constant,ZTF20aajcdad,,good
changepoint_constant,ZTF20aakodyh,,bad
changepoint_constant,ZTF20aalcyih,,bad
changepoint_constant,ZTF20aalxlis,l20 ok,good
changepoint_constant,ZTF20aamdyln,,bad
changepoint_constant,ZTF20aammtwx,,bad
changepoint_constant,ZTF20aamqmhj,,bad
changepoint_constant,ZTF20aanvmdt,,bad
changepoint_constant,ZTF20aaoflta,,bad
changepoint_constant,ZTF20aapcbmc,,bad
changepoint_constant,ZTF20aattyuz,,keep
changepoint_constant,ZTF20aaurexl,,bad
changepoint_constant,ZTF20aaurfnl,,bad
changepoint_constant,ZTF20aavcvrm,,bad
changepoint_constant,ZTF20aavgcnu,,bad
changepoint_constant,ZTF20aavhyel,,bad
changepoint_constant,ZTF20aavzffg,,bad
changepoint_constant,ZTF20aaxvzja,,bad
changepoint_constant,ZTF20aazkjfv,,bad
changepoint_constant,ZTF20aazpyhy,,bad
changepoint_constant,ZTF20abaszgh,,keep
changepoint_constant,ZTF20abbpkng,,bad
changepoint_constant,ZTF20abbplei,,bad
changepoint_constant,ZTF20abcjdwu,,bad
changepoint_constant,ZTF20abdnpdo,,bad
changepoint_constant,ZTF20abefbpl,,bad
changepoint_constant,ZTF20abhlncz,,bad
changepoint_constant,ZTF20abjpvce,,bad
changepoint_constant,ZTF20abkiarz,,bad
changepoint_constant,ZTF20abobpcb,,keep
changepoint_constant,ZTF20aborzxc,,bad
changepoint_constant,ZTF20abpuwxl,,keep
changepoint_constant,ZTF20abqdkne,,keep
changepoint_constant,ZTF20abrcnbr,,bad
changepoint_constant,ZTF20abrmmah,,bad
changepoint_constant,ZTF20abswdbg,,bad
changepoint_constant,ZTF20abtkjfw,,bad
changepoint_constant,ZTF20abusrwm,,bad
changepoint_constant,ZTF20abvquuo,,bad
changepoint_constant,ZTF20abvvnqh,,bad
changepoint_constant,ZTF20abwxywy,,bad
changepoint_constant,ZTF20abxpoxd,,bad
changepoint_constant,ZTF20abysxbk,,bad
changepoint_constant,ZTF20abywsut,,keep
changepoint_constant,ZTF20abzjcdg,,bad
changepoint_constant,ZTF20abzoeiw,,bad
changepoint_constant,ZTF20accbsxa,,bad
changepoint_constant,ZTF20acfqngt,,keep
changepoint_constant,ZTF20achvlbs,,good
changepoint_constant,ZTF20acjbzrh,,bad
changepoint_constant,ZTF20aclnplo,,bad
changepoint_constant,ZTF20acphdcg,ztfi,good
changepoint_constant,ZTF20acpjqxp,,keep
changepoint_constant,ZTF20acpyldh,,bad
changepoint_constant,ZTF20acpzaoa,,bad
changepoint_constant,ZTF20actekrw,,bad
changepoint_constant,ZTF20actpqgc,,bad
changepoint_constant,ZTF20acueziy,,bad
changepoint_constant,ZTF20acvcxkz,,bad
changepoint_constant,ZTF20acvebcu,,bad
changepoint_constant,ZTF20acvmzfv,,bad
changepoint_constant,ZTF20acwofhd,,bad
changepoint_constant,ZTF20acxqxyw,,bad
changepoint_constant,ZTF20adadrhw,,bad
changepoint_constant,ZTF21aaaosoq,,bad
changepoint_constant,ZTF21aaarmti,,bad
changepoint_constant,ZTF21aaaubig,,bad
changepoint_constant,ZTF21aacufip,,bad
changepoint_constant,ZTF21aagpymw,,keep
changepoint_constant,ZTF21aagtpro,,bad
changepoint_constant,ZTF21aahdqrg,,keep
changepoint_constant,ZTF21aalhgqi,,bad
changepoint_constant,ZTF21aalhtgv,,bad
changepoint_constant,ZTF21aannoix,,bad
changepoint_constant,ZTF21aanvncv,,keep
changepoint_constant,ZTF21aaocrlm,,bad
changepoint_constant,ZTF21aapecxb,,keep
changepoint_constant,ZTF21aaqhhfu,l10 ok,good
changepoint_constant,ZTF21aaqldsk,r100 ok,good
changepoint_constant,ZTF21aaqwfqe,,bad
changepoint_constant,ZTF21aarmuxl,,bad
changepoint_constant,ZTF21aarnjyd,,bad
changepoint_constant,ZTF21aartgiv,,bad
changepoint_constant,ZTF21aaufwyh,,keep
changepoint_constant,ZTF21aavdqgf,,good
changepoint_constant,ZTF21aawogdl,,bad
changepoint_constant,ZTF21aaxtctv,,bad
changepoint_constant,ZTF21aaxxihx,,keep
changepoint_constant,ZTF21aayqrgx,,bad
changepoint_constant,ZTF21abahiow,,bad
changepoint_constant,ZTF21abbqeea,,bad
changepoint_constant,ZTF21abccaue,,keep
changepoint_constant,ZTF21abcgaln,,bad
changepoint_constant,ZTF21abcgnql,ztfi sdssr sdssi sdssg,good
changepoint_constant,ZTF21abchjer,,bad
changepoint_constant,ZTF21abcpsjy,,bad
changepoint_constant,ZTF21abdkojo,,bad
changepoint_constant,ZTF21abdxhgv,,keep
changepoint_constant,ZTF21abieuta,,bad
changepoint_constant,ZTF21abimeun,,keep
changepoint_constant,ZTF21abimnii,,bad
changepoint_constant,ZTF21abklcjq,,good
changepoint_constant,ZTF21abmjgwf,,good
changepoint_constant,ZTF21abmlldj,,bad
changepoint_constant,ZTF21abmxiuf,,bad
changepoint_constant,ZTF21abngbrl,,bad
changepoint_constant,ZTF21abplhpw,,keep
changepoint_constant,ZTF21abpwtde,,bad
changepoint_constant,ZTF21abraccv,,good
changepoint_constant,ZTF21abrqria,,bad
changepoint_constant,ZTF21abrqrsz,,bad
changepoint_constant,ZTF21absyjff,,bad
changepoint_constant,ZTF21abvcugy,,bad
changepoint_constant,ZTF21abvcuhk,,good
changepoint_constant,ZTF21acbnfos,r60 ok,good
changepoint_constant,ZTF21accwovq,,keep
changepoint_constant,ZTF21acdqgns,,bad
changepoint_constant,ZTF21acdxhuv,,keep
changepoint_constant,ZTF21aceehxt,,keep
changepoint_constant,ZTF21acekmmm,,keep
changepoint_constant,ZTF21acgxypn,,bad
changepoint_constant,ZTF21achgfbk,,bad
changepoint_constant,ZTF21aciuhqw,,bad
changepoint_constant,ZTF21aciwixf,,bad
changepoint_constant,ZTF21acizqkx,,bad
changepoint_constant,ZTF21acjxzsa,,bad
changepoint_constant,ZTF21aclzzhu,,bad
changepoint_constant,ZTF22aadeuwu,,keep
changepoint_constant,ZTF22aadnjsh,,bad
changepoint_constant,ZTF22aadoihx,,good
changepoint_constant,ZTF22aadqlhy,,keep
changepoint_constant,ZTF22aaebkwd,,good
changepoint_constant,ZTF22aaezyos,,keep
changepoint_constant,ZTF22aagzmcz,,bad
changepoint_constant,ZTF22aahxaiv,,bad
changepoint_constant,ZTF22aajakms,,bad
changepoint_constant,ZTF22aakpyqw,,bad
changepoint_constant,ZTF22aakyeps,,bad
changepoint_constant,ZTF22aalfmec,,bad
changepoint_constant,ZTF22aaolhhl,,bad
changepoint_constant,ZTF22aaoolua,,keep
changepoint_constant,ZTF22aarbard,,bad
changepoint_constant,ZTF22aarqrxf,,bad
changepoint_constant,ZTF22aarwwyy,,bad
changepoint_constant,ZTF22aasxgjp,,bad
changepoint_constant,ZTF22aatunnt,,bad
changepoint_constant,ZTF22aazuotw,,good
changepoint_constant,ZTF22abbdxho,,keep
changepoint_constant,ZTF22abbtqnp,,bad
changepoint_constant,ZTF22abcsgeq,,bad
changepoint_constant,ZTF22abcvfgs,,good
changepoint_constant,ZTF22abfrkoh,,good
changepoint_constant,ZTF22abfuwel,,bad
changepoint_constant,ZTF22abfyqsc,,bad
changepoint_constant,ZTF22abivebe,,keep
changepoint_constant,ZTF22abjafpr,,bad
changepoint_constant,ZTF22abkabeh,,keep
changepoint_constant,ZTF22abkbmob,,bad
changepoint_constant,ZTF22abllclb,,bad
changepoint_constant,ZTF22abmonux,,bad
changepoint_constant,ZTF22abnpsou,,keep
changepoint_constant,ZTF22abnvurz,,bad
changepoint_constant,ZTF22absibqa,,keep
changepoint_constant,ZTF22absphuu,,bad
changepoint_constant,ZTF22abvcnnl,,keep
changepoint_constant,ZTF22abwtqeb,,bad
changepoint_constant,ZTF22abzejiv,,bad
changepoint_constant,ZTF23aaahtnj,,bad
changepoint_constant,ZTF23aaaplam,,bad
changepoint_constant,ZTF23aaazffe,,bad
changepoint_constant,ZTF23aaccacy,,bad
changepoint_constant,ZTF23aadaxfn,,bad
changepoint_constant,ZTF23aadtrzd,,bad
changepoint_constant,ZTF23aaecgwh,,keep
changepoint_constant,ZTF23aaemnzd,,bad
changepoint_constant,ZTF23aafwykt,,bad
changepoint_constant,ZTF23aahnmag,,keep
changepoint_constant,ZTF23aajakys,,bad
changepoint_constant,ZTF23aakmewi,,bad
changepoint_constant,ZTF23aakstht,,bad
changepoint_constant,ZTF23aamzljd,,bad
changepoint_constant,ZTF23aandvzg,,good
changepoint_constant,ZTF23aanqoyo,,bad
changepoint_constant,ZTF23aapbrrq,,bad
changepoint_constant,ZTF23aaqekiu,,keep
changepoint_constant,ZTF23aaspcfl,,bad
changepoint_constant,ZTF23aawtmcf,,bad
changepoint_constant,ZTF23aaxuvkn,,bad
changepoint_constant,ZTF23aazodoj,,keep
changepoint_constant,ZTF23aazuzip,,bad
changepoint_constant,ZTF23abadhsw,,keep
changepoint_constant,ZTF23abaxlrz,,good
changepoint_constant,ZTF23abbpswf,,bad
changepoint_constant,ZTF23abbskff,,bad
changepoint_constant,ZTF23abcglga,,bad
changepoint_constant,ZTF23abfmlft,,good
changepoint_constant,ZTF23abhyxpr,,bad
changepoint_constant,ZTF23abjhbcr,,keep
changepoint_constant,ZTF23abjrolk,,bad
changepoint_constant,ZTF23abjzkmx,,
changepoint_constant,ZTF23abnpoqp,,
changepoint_constant,ZTF23abochfb,,
changepoint_constant,ZTF23abomtjc,,
changepoint_constant,ZTF23abovaur,,
changepoint_constant,ZTF23abvokyz,,
changepoint_constant,ZTF24aaabybk,,
changepoint_constant,ZTF24aabuaij,,
changepoint_constant,ZTF24aacjcwl,,
changepoint_constant,ZTF24aacrbua,,
changepoint_constant,ZTF24aadfmaf,,
changepoint_constant,ZTF24aaeczdw,,
changepoint_constant,ZTF24aagfeti,,
changepoint_constant,ZTF24aagkjca,,
changepoint_constant,ZTF24aagterj,,
changepoint_constant,ZTF24aagtmbq,,
changepoint_constant,ZTF24aahuzig,,
changepoint_constant,ZTF24aajdqbw,,good
changepoint_constant,ZTF24aajivqf,,
changepoint_constant,ZTF24aajqamj,,
changepoint_constant,ZTF24aakaiqs,,good
changepoint_constant,ZTF24aakftxp,,bad
changepoint_constant,ZTF24aancgyl,,
changepoint_constant,ZTF24aaowjlw,,
changepoint_constant,ZTF24aapadbb,,
changepoint_constant,ZTF24aateouu,,
changepoint_constant,ZTF24aawjwxx,,
changepoint_constant,ZTF24aawtoiv,,
changepoint_constant,ZTF24aayikbu,,
changepoint_constant,ZTF24aayimjt,,good
changepoint_constant,ZTF24aaymkrs,,good
changepoint_constant,ZTF24aaysowl,,good
changepoint_constant,ZTF24aazmqbf,,
changepoint_constant,ZTF24aazqavh,,
changepoint_constant,ZTF24abajmau,,
changepoint_constant,ZTF24abavusp,,
changepoint_constant,ZTF24abbsuhu,,keep
changepoint_constant,ZTF24abchdsc,,
changepoint_constant,ZTF24abdiwwv,,
changepoint_constant,ZTF24abhhzrp,,
changepoint_constant,ZTF24abhsqly,,
changepoint_constant,ZTF24abiifei,,
changepoint_constant,ZTF24abimpmc,,
changepoint_constant,ZTF24abiwzzc,,
changepoint_constant,ZTF24abkiblx,,
changepoint_constant,ZTF24ablmayf,,
changepoint_constant,ZTF24ablsxza,,
changepoint_constant,ZTF24abltheg,,
changepoint_constant,ZTF24abnafgr,,
changepoint_constant,ZTF24abncuhj,,
changepoint_constant,ZTF24abnsght,,
changepoint_constant,ZTF24abpqghw,,
changepoint_constant,ZTF24abqbyxd,,
changepoint_constant,ZTF24abroqvs,,
changepoint_constant,ZTF24absrpsn,,
changepoint_constant,ZTF24absznoi,,
changepoint_constant,ZTF24abtlppf,,
changepoint_constant,ZTF24abtmueg,,good
changepoint_constant,ZTF24abtnkbi,,
changepoint_constant,ZTF24abwmzop,,
changepoint_constant,ZTF24abxxniy,,
changepoint_constant,ZTF24abygyka,,
changepoint_constant,ZTF24abzgggz,,
changepoint_constant,ZTF24abzmhtv,,
changepoint_constant,ZTF25aaadytl,,
changepoint_constant,ZTF25aaaecsu,,
changepoint_constant,ZTF25aaaeykb,,
changepoint_constant,ZTF25aabzbve,,
changepoint_constant,ZTF25aaccmjq,,
changepoint_constant,ZTF25aadnogd,,
changepoint_constant,ZTF25aafdnuf,,bad
changepoint_constant,ZTF25aafedas,,
changepoint_constant,ZTF25aafkxdu,,
changepoint_constant,ZTF25aajgfsk,,
changepoint_constant,ZTF25aajuqtp,,bad
changepoint_constant,ZTF25aakbbof,,
changepoint_constant,ZTF25aakeqyr,,
changepoint_constant,ZTF25aamplge,,
changepoint_constant,ZTF25aankyie,,
changepoint_constant,ZTF25aanxtou,,
changepoint_constant,ZTF25aaomnws,,
changepoint_constant,ZTF25aarmzhx,,
changepoint_constant,ZTF25aaurzyo,,
changepoint_constant,ZTF25aavahfn,,
changepoint_constant,ZTF25aawaobl,,keep
changepoint_constant,ZTF25aaxegmh,,good
changepoint_constant,ZTF25abbzsku,,
changepoint_constant,ZTF25abclliu,,
changepoint_constant,ZTF25abcydiy,,
changepoint_constant,ZTF25abecvml,,
changepoint_constant,ZTF25abixhdc,,good
changepoint_constant,ZTF25abkwytp,,
changepoint_constant,ZTF25ablgkgi,,
changepoint_constant,ZTF25ablulax,,
changepoint_constant,ZTF25abmjfcf,,
changepoint_constant,ZTF25abmsmeg,,
changepoint_constant,ZTF25abmtiec,,
changepoint_constant,ZTF25aboftol,,
changepoint_constant,ZTF25abqsbxy,,
changepoint_constant,ZTF25abvcnay,,
changepoint_constant,ZTF25abweqoj,,
changepoint_constant,ZTF25abwophe,,
changepoint_constant,ZTF25abxfsza,,good
changepoint_constant,ZTF25abyevmr,,
changepoint_constant,ZTF25abyrwhz,,
changepoint_constant,ZTF25abzudli,,
changepoint_constant,ZTF25acbzkov,,
changepoint_constant,ZTF25accmopr,,
changepoint_constant,ZTF25acdktzt,,
changepoint_constant,ZTF25acemaph,,good
changepoint_constant,ZTF25aceopyo,,
changepoint_constant,ZTF25acgdfwz,,
changepoint_constant,ZTF26aaakmmc,,
changepoint_constant,ZTF26aadqfik,,
changepoint_constant,ZTF26aadqwlb,,
changepoint_constant,ZTF26aagbzrh,,good
changepoint_constant,ZTF26aagrmky,,
changepoint_constant,ZTF26aahinar,,
changepoint_constant,ZTF26aahjdpb,,
changepoint_constant,ZTF26aajnayv,,
changepoint_constant,ZTF26aakdoou,,
changepoint_constant,ZTF26aalsmpp,,
changepoint_constant,ZTF26aaqxhgb,,
changepoint_constant,ZTF26aarkqap,,
changepoint_constant,ZTF26aatlolu,,
changepoint_constant,ZTF26aaulhci,,
gibbs_constant,ZTF18aaexyql,,good
gibbs_constant,ZTF18aakkrjm,,good
gibbs_constant,ZTF18aaqjovh,bandwise,good
gibbs_constant,ZTF18aaxiuyp,,good
gibbs_constant,ZTF18abdffeo,,bad
gibbs_constant,ZTF18abdkkwa,,bad
gibbs_constant,ZTF18abeamgv,,keep
gibbs_constant,ZTF18abecbks,,good
gibbs_constant,ZTF18abeyqpr,,bad
gibbs_constant,ZTF18abfcmjw,,bad
gibbs_constant,ZTF18abfzhct,,keep
gibbs_constant,ZTF18abhhnnv,,bad
gibbs_constant,ZTF18abjyjdz,,keep
gibbs_constant,ZTF18abkjnqy,,good
gibbs_constant,ZTF18aboabxv,,bad
gibbs_constant,ZTF18abukavn,,keep
gibbs_constant,ZTF18abvkmgw,undulations,bad
gibbs_constant,ZTF18acbvpzj,,bad
gibbs_constant,ZTF18aceqrrs,,bad
gibbs_constant,ZTF18achcpwu,,bad
gibbs_constant,ZTF18achdidy,,bad
gibbs_constant,ZTF18acizepv,,keep
gibbs_constant,ZTF18acnncve,,keep
gibbs_constant,ZTF18acsjrbc,,keep
gibbs_constant,ZTF18acyxnyw,,good
gibbs_constant,ZTF18aczcumi,,bad
gibbs_constant,ZTF18aczqzrj,,bad
gibbs_constant,ZTF18adasisj,,keep
gibbs_constant,ZTF18adaykvg,,bad
gibbs_constant,ZTF19aadnhdo,,keep
gibbs_constant,ZTF19aafmyow,,good
gibbs_constant,ZTF19aailcgs,,keep
gibbs_constant,ZTF19aailsge,,keep
gibbs_constant,ZTF19aakirwj,,bad
gibbs_constant,ZTF19aakpcuw,,good
gibbs_constant,ZTF19aalfsqm,,bad
gibbs_constant,ZTF19aalouag,,bad
gibbs_constant,ZTF19aamgghn,,bad
gibbs_constant,ZTF19aamsetj,,keep
gibbs_constant,ZTF19aanesgt,,good
gibbs_constant,ZTF19aanfukh,cut after 40 days,good
gibbs_constant,ZTF19aanijpu,,keep
gibbs_constant,ZTF19aaoxvfe,,good
gibbs_constant,ZTF19aarfyvc,,bad
gibbs_constant,ZTF19aarphwc,,good
gibbs_constant,ZTF19aatheus,,bad
gibbs_constant,ZTF19aavitlq,,keep
gibbs_constant,ZTF19aavouyw,,bad
gibbs_constant,ZTF19aavoweu,i,keep
gibbs_constant,ZTF19aawfbtg,,keep
gibbs_constant,ZTF19aawhzsh,i band,good
gibbs_constant,ZTF19aawqcgy,,keep
gibbs_constant,ZTF19aawsday,,good
gibbs_constant,ZTF19aaxfcpq,,good
gibbs_constant,ZTF19aaxzdtw,,keep
gibbs_constant,ZTF19abafmwj,,good
gibbs_constant,ZTF19abauylg,,good
gibbs_constant,ZTF19abcegvm,,keep
gibbs_constant,ZTF19abdoior,,good
gibbs_constant,ZTF19abfiqjg,,keep
gibbs_constant,ZTF19abfsxpw,,good
gibbs_constant,ZTF19abfvnns,,keep
gibbs_constant,ZTF19ablesob,,bad
gibbs_constant,ZTF19abnacvf,,keep
gibbs_constant,ZTF19abpbopt,,good
gibbs_constant,ZTF19abqmsbk,,keep
gibbs_constant,ZTF19abqqrgy,,bad
gibbs_constant,ZTF19abqshry,,bad
gibbs_constant,ZTF19abqwtfu,,bad
gibbs_constant,ZTF19abqxibq,,keep
gibbs_constant,ZTF19abtsnyy,,bad
gibbs_constant,ZTF19abupned,,good
gibbs_constant,ZTF19abvdgqo,,keep
gibbs_constant,ZTF19abzqywg,epoch,bad
gibbs_constant,ZTF19abztknu,,good
gibbs_constant,ZTF19abzwaen,,good
gibbs_constant,ZTF19acbmojx,,keep
gibbs_constant,ZTF19acbonaa,,good
gibbs_constant,ZTF19acdabep,,good
gibbs_constant,ZTF19aceqjqw,,bad
gibbs_constant,ZTF19aceqvhl,,good
gibbs_constant,ZTF19acfwynw,r100 ok,good
gibbs_constant,ZTF19acgjosf,,bad
gibbs_constant,ZTF19acgjpgh,,keep
gibbs_constant,ZTF19ackjjwf,,good
gibbs_constant,ZTF19ackjrru,,bad
gibbs_constant,ZTF19acllsbq,,bad
gibbs_constant,ZTF19acmelor,,keep
gibbs_constant,ZTF19acxmpnz,,bad
gibbs_constant,ZTF19acyogrm,,good
gibbs_constant,ZTF19adaivcf,,good
gibbs_constant,ZTF19adcfsad,,good
gibbs_constant,ZTF20aadzbcf,,keep
gibbs_constant,ZTF20aaekkuv,,keep
gibbs_constant,ZTF20aaelulu,,bad
gibbs_constant,ZTF20aaertpj,,keep
gibbs_constant,ZTF20aaetirf,,bad
gibbs_constant,ZTF20aafmdzj,,good
gibbs_constant,ZTF20aagewqr,,bad
gibbs_constant,ZTF20aahbfmf,,good
gibbs_constant,ZTF20aaiahra,,bad
gibbs_constant,ZTF20aaiftgi,,keep
gibbs_constant,ZTF20aaifybu,,good
gibbs_constant,ZTF20aaiqiti,,keep
gibbs_constant,ZTF20aajcdad,,keep
gibbs_constant,ZTF20aakodyh,,bad
gibbs_constant,ZTF20aalcyih,,good
gibbs_constant,ZTF20aalxlis,,bad
gibbs_constant,ZTF20aamdyln,,good
gibbs_constant,ZTF20aammtwx,,good
gibbs_constant,ZTF20aamqmhj,,bad
gibbs_constant,ZTF20aanvmdt,,bad
gibbs_constant,ZTF20aaoflta,,good
gibbs_constant,ZTF20aapcbmc,,good
gibbs_constant,ZTF20aattyuz,,good
gibbs_constant,ZTF20aaurexl,,good
gibbs_constant,ZTF20aaurfnl,,bad
gibbs_constant,ZTF20aavcvrm,,keep
gibbs_constant,ZTF20aavgcnu,,good
gibbs_constant,ZTF20aavhyel,,good
gibbs_constant,ZTF20aavzffg,,good
gibbs_constant,ZTF20aaxvzja,,bad
gibbs_constant,ZTF20aazkjfv,r60 l25 ok,good
gibbs_constant,ZTF20aazpyhy,,good
gibbs_constant,ZTF20abaszgh,,good
gibbs_constant,ZTF20abbpkng,,keep
gibbs_constant,ZTF20abbplei,l15 r120 ok,good
gibbs_constant,ZTF20abcjdwu,l12 r40,keep
gibbs_constant,ZTF20abdnpdo,,bad
gibbs_constant,ZTF20abefbpl,,good
gibbs_constant,ZTF20abhlncz,,good
gibbs_constant,ZTF20abjpvce,,keep
gibbs_constant,ZTF20abkiarz,,good
gibbs_constant,ZTF20abobpcb,r270 ok,good
gibbs_constant,ZTF20aborzxc,,bad
gibbs_constant,ZTF20abpuwxl,,good
gibbs_constant,ZTF20abqdkne,r45 ok,good
gibbs_constant,ZTF20abrcnbr,half_r,good
gibbs_constant,ZTF20abrmmah,,good
gibbs_constant,ZTF20abswdbg,,keep
gibbs_constant,ZTF20abtkjfw,,keep
gibbs_constant,ZTF20abusrwm,,good
gibbs_constant,ZTF20abvquuo,,good
gibbs_constant,ZTF20abvvnqh,?,bad
gibbs_constant,ZTF20abwxywy,,good
gibbs_constant,ZTF20abxpoxd,,keep
gibbs_constant,ZTF20abysxbk,epoch,bad
gibbs_constant,ZTF20abywsut,,good
gibbs_constant,ZTF20abzjcdg,,good
gibbs_constant,ZTF20abzoeiw,,good
gibbs_constant,ZTF20accbsxa,,keep
gibbs_constant,ZTF20acfqngt,,good
gibbs_constant,ZTF20achvlbs,,keep
gibbs_constant,ZTF20acjbzrh,,keep
gibbs_constant,ZTF20aclnplo,r30,keep
gibbs_constant,ZTF20acphdcg,,bad
gibbs_constant,ZTF20acpjqxp,l25 r100 ok,good
gibbs_constant,ZTF20acpyldh,,bad
gibbs_constant,ZTF20acpzaoa,,good
gibbs_constant,ZTF20actekrw,r50 ok,good
gibbs_constant,ZTF20actpqgc,,keep
gibbs_constant,ZTF20acueziy,,good
gibbs_constant,ZTF20acvcxkz,sdssr sdssi,good
gibbs_constant,ZTF20acvebcu,,good
gibbs_constant,ZTF20acvmzfv,,good
gibbs_constant,ZTF20acwofhd,,good
gibbs_constant,ZTF20acxqxyw,,good
gibbs_constant,ZTF20adadrhw,l20 r150 ok,good
gibbs_constant,ZTF21aaaosoq,l20 ok,good
gibbs_constant,ZTF21aaarmti,,good
gibbs_constant,ZTF21aaaubig,r200 ok,good
gibbs_constant,ZTF21aacufip,,bad
gibbs_constant,ZTF21aagpymw,,good
gibbs_constant,ZTF21aagtpro,,keep
gibbs_constant,ZTF21aahdqrg,,keep
gibbs_constant,ZTF21aalhgqi,wiggle,keep
gibbs_constant,ZTF21aalhtgv,,good
gibbs_constant,ZTF21aannoix,,good
gibbs_constant,ZTF21aanvncv,r100 ok,good
gibbs_constant,ZTF21aaocrlm,overfit,good
gibbs_constant,ZTF21aapecxb,,keep
gibbs_constant,ZTF21aaqhhfu,,bad
gibbs_constant,ZTF21aaqldsk,,keep
gibbs_constant,ZTF21aaqwfqe,r100 ok,good
gibbs_constant,ZTF21aarmuxl,,good
gibbs_constant,ZTF21aarnjyd,peak,bad
gibbs_constant,ZTF21aartgiv,,good
gibbs_constant,ZTF21aaufwyh,,good
gibbs_constant,ZTF21aavdqgf,,keep
gibbs_constant,ZTF21aawogdl,,good
gibbs_constant,ZTF21aaxtctv,r50 ok,good
gibbs_constant,ZTF21aaxxihx,,keep
gibbs_constant,ZTF21aayqrgx,,keep
gibbs_constant,ZTF21abahiow,,keep
gibbs_constant,ZTF21abbqeea,,good
gibbs_constant,ZTF21abccaue,,bad
gibbs_constant,ZTF21abcgaln,,keep
gibbs_constant,ZTF21abcgnql,,bad
gibbs_constant,ZTF21abchjer,,good
gibbs_constant,ZTF21abcpsjy,,good
gibbs_constant,ZTF21abdkojo,,good
gibbs_constant,ZTF21abdxhgv,,good
gibbs_constant,ZTF21abieuta,,good
gibbs_constant,ZTF21abimeun,sdssr epoch,good
gibbs_constant,ZTF21abimnii,,good
gibbs_constant,ZTF21abklcjq,,bad
gibbs_constant,ZTF21abmjgwf,,bad
gibbs_constant,ZTF21abmlldj,r200 not okay,bad
gibbs_constant,ZTF21abmxiuf,,bad
gibbs_constant,ZTF21abngbrl,,keep
gibbs_constant,ZTF21abplhpw,,bad
gibbs_constant,ZTF21abpwtde,,bad
gibbs_constant,ZTF21abraccv,,keep
gibbs_constant,ZTF21abrqria,sdssr sdssi sdssg,bad
gibbs_constant,ZTF21abrqrsz,,good
gibbs_constant,ZTF21absyjff,,bad
gibbs_constant,ZTF21abvcugy,sdssr,good
gibbs_constant,ZTF21abvcuhk,,keep
gibbs_constant,ZTF21acbnfos,sdssg sdssr sdssi,bad
gibbs_constant,ZTF21accwovq,,bad
gibbs_constant,ZTF21acdqgns,,bad
gibbs_constant,ZTF21acdxhuv,,bad
gibbs_constant,ZTF21aceehxt,,keep
gibbs_constant,ZTF21acekmmm,,bad
gibbs_constant,ZTF21acgxypn,,bad
gibbs_constant,ZTF21achgfbk,,bad
gibbs_constant,ZTF21aciuhqw,,good
gibbs_constant,ZTF21aciwixf,,good
gibbs_constant,ZTF21acizqkx,,bad
gibbs_constant,ZTF21acjxzsa,,bad
gibbs_constant,ZTF21aclzzhu,,bad
gibbs_constant,ZTF22aadeuwu,,keep
gibbs_constant,ZTF22aadnjsh,,keep
gibbs_constant,ZTF22aadoihx,,keep
gibbs_constant,ZTF22aadqlhy,,keep
gibbs_constant,ZTF22aaebkwd,sdssr,bad
gibbs_constant,ZTF22aaezyos,r60 ok,good
gibbs_constant,ZTF22aagzmcz,,bad
gibbs_constant,ZTF22aahxaiv,,good
gibbs_constant,ZTF22aajakms,,keep
gibbs_constant,ZTF22aakpyqw,,keep
gibbs_constant,ZTF22aakyeps,,good
gibbs_constant,ZTF22aalfmec,,keep
gibbs_constant,ZTF22aaolhhl,ok,good
gibbs_constant,ZTF22aaoolua,,bad
gibbs_constant,ZTF22aarbard,,keep
gibbs_constant,ZTF22aarqrxf,ok,good
gibbs_constant,ZTF22aarwwyy,,bad
gibbs_constant,ZTF22aasxgjp,,good
gibbs_constant,ZTF22aatunnt,,bad
gibbs_constant,ZTF22aazuotw,,bad
gibbs_constant,ZTF22abbdxho,,keep
gibbs_constant,ZTF22abbtqnp,,bad
gibbs_constant,ZTF22abcsgeq,,bad
gibbs_constant,ZTF22abcvfgs,,bad
gibbs_constant,ZTF22abfrkoh,,keep
gibbs_constant,ZTF22abfuwel,,good
gibbs_constant,ZTF22abfyqsc,,bad
gibbs_constant,ZTF22abivebe,,keep
gibbs_constant,ZTF22abjafpr,,keep
gibbs_constant,ZTF22abkabeh,,good
gibbs_constant,ZTF22abkbmob,,keep
gibbs_constant,ZTF22abllclb,,good
gibbs_constant,ZTF22abmonux,,keep
gibbs_constant,ZTF22abnpsou,,bad
gibbs_constant,ZTF22abnvurz,r180,bad
gibbs_constant,ZTF22absibqa,,keep
gibbs_constant,ZTF22absphuu,,keep
gibbs_constant,ZTF22abvcnnl,,bad
gibbs_constant,ZTF22abwtqeb,,keep
gibbs_constant,ZTF22abzejiv,,bad
gibbs_constant,ZTF23aaahtnj,,keep
gibbs_constant,ZTF23aaaplam,,bad
gibbs_constant,ZTF23aaazffe,,good
gibbs_constant,ZTF23aaccacy,sdssi ztfi,good
gibbs_constant,ZTF23aadaxfn,r80 ok,good
gibbs_constant,ZTF23aadtrzd,,keep
gibbs_constant,ZTF23aaecgwh,,good
gibbs_constant,ZTF23aaemnzd,,good
gibbs_constant,ZTF23aafwykt,,keep
gibbs_constant,ZTF23aahnmag,,keep
gibbs_constant,ZTF23aajakys,r40 ok,good
gibbs_constant,ZTF23aakmewi,,bad
gibbs_constant,ZTF23aakstht,,keep
gibbs_constant,ZTF23aamzljd,,keep
gibbs_constant,ZTF23aandvzg,,keep
gibbs_constant,ZTF23aanqoyo,,bad
gibbs_constant,ZTF23aapbrrq,,keep
gibbs_constant,ZTF23aaqekiu,,keep
gibbs_constant,ZTF23aaspcfl,,keep
gibbs_constant,ZTF23aawtmcf,,good
gibbs_constant,ZTF23aaxuvkn,,bad
gibbs_constant,ZTF23aazodoj,,keep
gibbs_constant,ZTF23aazuzip,,keep
gibbs_constant,ZTF23abadhsw,,keep
gibbs_constant,ZTF23abaxlrz,,keep
gibbs_constant,ZTF23abbpswf,,keep
gibbs_constant,ZTF23abbskff,,bad
gibbs_constant,ZTF23abcglga,,bad
gibbs_constant,ZTF23abfmlft,,keep
gibbs_constant,ZTF23abhyxpr,,bad
gibbs_constant,ZTF23abjhbcr,,keep
gibbs_constant,ZTF23abjrolk,,good
gibbs_constant,ZTF23abjzkmx,,good
gibbs_constant,ZTF23abnpoqp,,bad
gibbs_constant,ZTF23abochfb,,good
gibbs_constant,ZTF23abomtjc,,
gibbs_constant,ZTF23abovaur,,
gibbs_constant,ZTF23abvokyz,,
gibbs_constant,ZTF24aaabybk,,
gibbs_constant,ZTF24aabuaij,,keep
gibbs_constant,ZTF24aacjcwl,,
gibbs_constant,ZTF24aacrbua,,good
gibbs_constant,ZTF24aadfmaf,,
gibbs_constant,ZTF24aaeczdw,,good
gibbs_constant,ZTF24aagfeti,r170 ok,good
gibbs_constant,ZTF24aagkjca,,
gibbs_constant,ZTF24aagterj,,
gibbs_constant,ZTF24aagtmbq,,
gibbs_constant,ZTF24aahuzig,,good
gibbs_constant,ZTF24aajdqbw,,
gibbs_constant,ZTF24aajivqf,,
gibbs_constant,ZTF24aajqamj,,
gibbs_constant,ZTF24aakaiqs,,
gibbs_constant,ZTF24aakftxp,,bad
gibbs_constant,ZTF24aancgyl,,
gibbs_constant,ZTF24aaowjlw,,
gibbs_constant,ZTF24aapadbb,,
gibbs_constant,ZTF24aateouu,,
gibbs_constant,ZTF24aawjwxx,,good
gibbs_constant,ZTF24aawtoiv,,
gibbs_constant,ZTF24aayikbu,,
gibbs_constant,ZTF24aayimjt,,
gibbs_constant,ZTF24aaymkrs,,
gibbs_constant,ZTF24aaysowl,,
gibbs_constant,ZTF24aazmqbf,,good
gibbs_constant,ZTF24aazqavh,,good
gibbs_constant,ZTF24abajmau,,
gibbs_constant,ZTF24abavusp,,
gibbs_constant,ZTF24abbsuhu,,
gibbs_constant,ZTF24abchdsc,,
gibbs_constant,ZTF24abdiwwv,,good
gibbs_constant,ZTF24abhhzrp,,
gibbs_constant,ZTF24abhsqly,,
gibbs_constant,ZTF24abiifei,,
gibbs_constant,ZTF24abimpmc,,
gibbs_constant,ZTF24abiwzzc,,
gibbs_constant,ZTF24abkiblx,,
gibbs_constant,ZTF24ablmayf,,
gibbs_constant,ZTF24ablsxza,,
gibbs_constant,ZTF24abltheg,,good
gibbs_constant,ZTF24abnafgr,,keep
gibbs_constant,ZTF24abncuhj,,
gibbs_constant,ZTF24abnsght,,
gibbs_constant,ZTF24abpqghw,,
gibbs_constant,ZTF24abqbyxd,,
gibbs_constant,ZTF24abroqvs,,
gibbs_constant,ZTF24absrpsn,,
gibbs_constant,ZTF24absznoi,,
gibbs_constant,ZTF24abtlppf,,
gibbs_constant,ZTF24abtmueg,,
gibbs_constant,ZTF24abtnkbi,,good
gibbs_constant,ZTF24abwmzop,,
gibbs_constant,ZTF24abxxniy,,good
gibbs_constant,ZTF24abygyka,,good
gibbs_constant,ZTF24abzgggz,,
gibbs_constant,ZTF24abzmhtv,,
gibbs_constant,ZTF25aaadytl,,
gibbs_constant,ZTF25aaaecsu,,
gibbs_constant,ZTF25aaaeykb,,good
gibbs_constant,ZTF25aabzbve,,good
gibbs_constant,ZTF25aaccmjq,,good
gibbs_constant,ZTF25aadnogd,r100 ok,good
gibbs_constant,ZTF25aafdnuf,,
gibbs_constant,ZTF25aafedas,,
gibbs_constant,ZTF25aafkxdu,,good
gibbs_constant,ZTF25aajbcmc,,
gibbs_constant,ZTF25aajgfsk,,
gibbs_constant,ZTF25aajuqtp,,bad
gibbs_constant,ZTF25aakbbof,,
gibbs_constant,ZTF25aakeqyr,,
gibbs_constant,ZTF25aamplge,,
gibbs_constant,ZTF25aankyie,,
gibbs_constant,ZTF25aanxtou,,good
gibbs_constant,ZTF25aaomnws,,good
gibbs_constant,ZTF25aarmzhx,,
gibbs_constant,ZTF25aaurzyo,,
gibbs_constant,ZTF25aavahfn,,good
gibbs_constant,ZTF25aawaobl,,bad
gibbs_constant,ZTF25aaxegmh,,
gibbs_constant,ZTF25abbzsku,,good
gibbs_constant,ZTF25abclliu,,good
gibbs_constant,ZTF25abcydiy,,
gibbs_constant,ZTF25abecvml,,
gibbs_constant,ZTF25abixhdc,,
gibbs_constant,ZTF25abkwytp,,
gibbs_constant,ZTF25ablgkgi,,good
gibbs_constant,ZTF25ablulax,,good
gibbs_constant,ZTF25abmjfcf,,
gibbs_constant,ZTF25abmsmeg,,good
gibbs_constant,ZTF25abmtiec,,
gibbs_constant,ZTF25aboftol,,
gibbs_constant,ZTF25abqsbxy,r50 ok,good
gibbs_constant,ZTF25abvbjre,,
gibbs_constant,ZTF25abvcnay,,keep
gibbs_constant,ZTF25abweqoj,,
gibbs_constant,ZTF25abwophe,,good
gibbs_constant,ZTF25abxfsza,,
gibbs_constant,ZTF25abyevmr,,
gibbs_constant,ZTF25abyrwhz,,
gibbs_constant,ZTF25abzudli,,good
gibbs_constant,ZTF25acbzkov,,
gibbs_constant,ZTF25accmopr,,
gibbs_constant,ZTF25acdktzt,,good
gibbs_constant,ZTF25acemaph,,
gibbs_constant,ZTF25aceopyo,,
gibbs_constant,ZTF25acgdfwz,,
gibbs_constant,ZTF26aaakmmc,,good
gibbs_constant,ZTF26aadqfik,,good
gibbs_constant,ZTF26aadqwlb,,good
gibbs_constant,ZTF26aagbzrh,,
gibbs_constant,ZTF26aagrmky,,
gibbs_constant,ZTF26aahinar,,good
gibbs_constant,ZTF26aahjdpb,,good
gibbs_constant,ZTF26aajnayv,,good
gibbs_constant,ZTF26aakdoou,,
gibbs_constant,ZTF26aalsmpp,,
gibbs_constant,ZTF26aaqxhgb,,
gibbs_constant,ZTF26aarkqap,,
gibbs_constant,ZTF26aatlolu,,
gibbs_constant,ZTF26aaulhci,,
matern32_constant,ZTF18aaexyql,,keep
matern32_constant,ZTF18aakkrjm,,keep
matern32_constant,ZTF18aaqjovh,,bad
matern32_constant,ZTF18aaxiuyp,,keep
matern32_constant,ZTF18abdffeo,,keep
matern32_constant,ZTF18abdkkwa,,bad
matern32_constant,ZTF18abeamgv,,keep
matern32_constant,ZTF18abecbks,,keep
matern32_constant,ZTF18abeyqpr,,keep
matern32_constant,ZTF18abfcmjw,,bad
matern32_constant,ZTF18abfzhct,,good
matern32_constant,ZTF18abhhnnv,,keep
matern32_constant,ZTF18abjyjdz,,good
matern32_constant,ZTF18abkjnqy,,keep
matern32_constant,ZTF18aboabxv,,bad
matern32_constant,ZTF18abukavn,,good
matern32_constant,ZTF18abvkmgw,,bad
matern32_constant,ZTF18acbvpzj,one_side,bad
matern32_constant,ZTF18aceqrrs,,bad
matern32_constant,ZTF18achcpwu,,keep
matern32_constant,ZTF18achdidy,,bad
matern32_constant,ZTF18acizepv,,keep
matern32_constant,ZTF18acnncve,,keep
matern32_constant,ZTF18acsjrbc,,keep
matern32_constant,ZTF18acyxnyw,,keep
matern32_constant,ZTF18aczcumi,,bad
matern32_constant,ZTF18aczqzrj,,bad
matern32_constant,ZTF18adasisj,,good
matern32_constant,ZTF18adaykvg,,bad
matern32_constant,ZTF19aadnhdo,,good
matern32_constant,ZTF19aafmyow,,keep
matern32_constant,ZTF19aailcgs,,good
matern32_constant,ZTF19aailsge,,good
matern32_constant,ZTF19aakirwj,,bad
matern32_constant,ZTF19aakpcuw,,keep
matern32_constant,ZTF19aalfsqm,,bad
matern32_constant,ZTF19aalouag,,bad
matern32_constant,ZTF19aamgghn,,bad
matern32_constant,ZTF19aamsetj,,keep
matern32_constant,ZTF19aanesgt,,bad
matern32_constant,ZTF19aanfukh,,bad
matern32_constant,ZTF19aanijpu,,keep
matern32_constant,ZTF19aaoxvfe,,keep
matern32_constant,ZTF19aarfyvc,,keep
matern32_constant,ZTF19aarphwc,,bad
matern32_constant,ZTF19aatheus,,bad
matern32_constant,ZTF19aavitlq,,keep
matern32_constant,ZTF19aavouyw,,bad
matern32_constant,ZTF19aavoweu,,keep
matern32_constant,ZTF19aawfbtg,,bad
matern32_constant,ZTF19aawhzsh,,bad
matern32_constant,ZTF19aawqcgy,,bad
matern32_constant,ZTF19aawsday,,keep
matern32_constant,ZTF19aaxfcpq,,keep
matern32_constant,ZTF19aaxzdtw,,good
matern32_constant,ZTF19abafmwj,,keep
matern32_constant,ZTF19abauylg,,keep
matern32_constant,ZTF19abcegvm,,keep
matern32_constant,ZTF19abdoior,,keep
matern32_constant,ZTF19abfiqjg,,keep
matern32_constant,ZTF19abfsxpw,,keep
matern32_constant,ZTF19abfvnns,,keep
matern32_constant,ZTF19ablesob,,good
matern32_constant,ZTF19abnacvf,,good
matern32_constant,ZTF19abpbopt,,keep
matern32_constant,ZTF19abqmsbk,,bad
matern32_constant,ZTF19abqqrgy,,bad
matern32_constant,ZTF19abqshry,,bad
matern32_constant,ZTF19abqwtfu,,bad
matern32_constant,ZTF19abqxibq,,bad
matern32_constant,ZTF19abtsnyy,stack,bad
matern32_constant,ZTF19abupned,,keep
matern32_constant,ZTF19abvdgqo,,keep
matern32_constant,ZTF19abzqywg,,bad
matern32_constant,ZTF19abztknu,,keep
matern32_constant,ZTF19abzwaen,,keep
matern32_constant,ZTF19acbmojx,,keep
matern32_constant,ZTF19acbonaa,,bad
matern32_constant,ZTF19acdabep,,bad
matern32_constant,ZTF19aceqjqw,,bad
matern32_constant,ZTF19aceqvhl,,keep
matern32_constant,ZTF19acfwynw,,bad
matern32_constant,ZTF19acgjosf,,keep
matern32_constant,ZTF19acgjpgh,,keep
matern32_constant,ZTF19ackjjwf,,keep
matern32_constant,ZTF19ackjrru,,good
matern32_constant,ZTF19acllsbq,,good
matern32_constant,ZTF19acmelor,,good
matern32_constant,ZTF19acxmpnz,,bad
matern32_constant,ZTF19acyogrm,,keep
matern32_constant,ZTF19adaivcf,,keep
matern32_constant,ZTF19adcfsad,,keep
matern32_constant,ZTF20aadzbcf,,good
matern32_constant,ZTF20aaekkuv,,good
matern32_constant,ZTF20aaelulu,l15 r130 ok,good
matern32_constant,ZTF20aaertpj,,good
matern32_constant,ZTF20aaetirf,,bad
matern32_constant,ZTF20aafmdzj,,keep
matern32_constant,ZTF20aagewqr,,good
matern32_constant,ZTF20aahbfmf,,keep
matern32_constant,ZTF20aaiahra,,bad
matern32_constant,ZTF20aaiftgi,,keep
matern32_constant,ZTF20aaifybu,,keep
matern32_constant,ZTF20aaiqiti,,good
matern32_constant,ZTF20aajcdad,,keep
matern32_constant,ZTF20aakodyh,,good
matern32_constant,ZTF20aalcyih,,keep
matern32_constant,ZTF20aalxlis,,keep
matern32_constant,ZTF20aamdyln,,keep
matern32_constant,ZTF20aammtwx,,keep
matern32_constant,ZTF20aamqmhj,,bad
matern32_constant,ZTF20aanvmdt,,keep
matern32_constant,ZTF20aaoflta,,keep
matern32_constant,ZTF20aapcbmc,,keep
matern32_constant,ZTF20aattyuz,,keep
matern32_constant,ZTF20aaurexl,,keep
matern32_constant,ZTF20aaurfnl,,bad
matern32_constant,ZTF20aavcvrm,,keep
matern32_constant,ZTF20aavgcnu,,keep
matern32_constant,ZTF20aavhyel,r60,keep
matern32_constant,ZTF20aavzffg,,keep
matern32_constant,ZTF20aaxvzja,,good
matern32_constant,ZTF20aazkjfv,r60 l25,keep
matern32_constant,ZTF20aazpyhy,,keep
matern32_constant,ZTF20abaszgh,,keep
matern32_constant,ZTF20abbpkng,,good
matern32_constant,ZTF20abbplei,,keep
matern32_constant,ZTF20abcjdwu,l15 r25 ok,good
matern32_constant,ZTF20abdnpdo,,bad
matern32_constant,ZTF20abefbpl,,keep
matern32_constant,ZTF20abhlncz,,keep
matern32_constant,ZTF20abjpvce,,good
matern32_constant,ZTF20abkiarz,,keep
matern32_constant,ZTF20abobpcb,,keep
matern32_constant,ZTF20aborzxc,,bad
matern32_constant,ZTF20abpuwxl,,
matern32_constant,ZTF20abqdkne,,keep
matern32_constant,ZTF20abrcnbr,,keep
matern32_constant,ZTF20abrmmah,,keep
matern32_constant,ZTF20abswdbg,,good
matern32_constant,ZTF20abtkjfw,,good
matern32_constant,ZTF20abusrwm,,keep
matern32_constant,ZTF20abvquuo,,keep
matern32_constant,ZTF20abvvnqh,,bad
matern32_constant,ZTF20abwxywy,,keep
matern32_constant,ZTF20abxpoxd,,keep
matern32_constant,ZTF20abysxbk,,bad
matern32_constant,ZTF20abywsut,,keep
matern32_constant,ZTF20abzjcdg,,keep
matern32_constant,ZTF20abzoeiw,,keep
matern32_constant,ZTF20accbsxa,,good
matern32_constant,ZTF20acfqngt,,keep
matern32_constant,ZTF20achvlbs,,keep
matern32_constant,ZTF20acjbzrh,,good
matern32_constant,ZTF20aclnplo,r30 ok,good
matern32_constant,ZTF20acphdcg,,bad
matern32_constant,ZTF20acpjqxp,,keep
matern32_constant,ZTF20acpyldh,,bad
matern32_constant,ZTF20acpzaoa,,keep
matern32_constant,ZTF20actekrw,r50,keep
matern32_constant,ZTF20actpqgc,r100 ok,good
matern32_constant,ZTF20acueziy,,keep
matern32_constant,ZTF20acvcxkz,sdssr sdssi,keep
matern32_constant,ZTF20acvebcu,,keep
matern32_constant,ZTF20acvmzfv,,bad
matern32_constant,ZTF20acwofhd,,keep
matern32_constant,ZTF20acxqxyw,,keep
matern32_constant,ZTF20adadrhw,,keep
matern32_constant,ZTF21aaaosoq,,keep
matern32_constant,ZTF21aaarmti,,keep
matern32_constant,ZTF21aaaubig,,keep
matern32_constant,ZTF21aacufip,,bad
matern32_constant,ZTF21aagpymw,,keep
matern32_constant,ZTF21aagtpro,,good
matern32_constant,ZTF21aahdqrg,,keep
matern32_constant,ZTF21aalhgqi,,good
matern32_constant,ZTF21aalhtgv,,bad
matern32_constant,ZTF21aannoix,,keep
matern32_constant,ZTF21aanvncv,,keep
matern32_constant,ZTF21aaocrlm,,bad
matern32_constant,ZTF21aapecxb,,keep
matern32_constant,ZTF21aaqhhfu,,bad
matern32_constant,ZTF21aaqldsk,,keep
matern32_constant,ZTF21aaqwfqe,,keep
matern32_constant,ZTF21aarmuxl,,keep
matern32_constant,ZTF21aarnjyd,,good
matern32_constant,ZTF21aartgiv,,keep
matern32_constant,ZTF21aaufwyh,,keep
matern32_constant,ZTF21aavdqgf,,keep
matern32_constant,ZTF21aawogdl,,keep
matern32_constant,ZTF21aaxtctv,,keep
matern32_constant,ZTF21aaxxihx,,good
matern32_constant,ZTF21aayqrgx,,keep
matern32_constant,ZTF21abahiow,,bad
matern32_constant,ZTF21abbqeea,,keep
matern32_constant,ZTF21abccaue,l25 ok,good
matern32_constant,ZTF21abcgaln,,keep
matern32_constant,ZTF21abcgnql,,bad
matern32_constant,ZTF21abchjer,,keep
matern32_constant,ZTF21abcpsjy,,bad
matern32_constant,ZTF21abdkojo,,bad
matern32_constant,ZTF21abdxhgv,,keep
matern32_constant,ZTF21abieuta,,bad
matern32_constant,ZTF21abimeun,,keep
matern32_constant,ZTF21abimnii,,keep
matern32_constant,ZTF21abklcjq,,keep
matern32_constant,ZTF21abmjgwf,,bad
matern32_constant,ZTF21abmlldj,,bad
matern32_constant,ZTF21abmxiuf,,bad
matern32_constant,ZTF21abngbrl,,good
matern32_constant,ZTF21abplhpw,,good
matern32_constant,ZTF21abpwtde,,bad
matern32_constant,ZTF21abraccv,,bad
matern32_constant,ZTF21abrqria,,good
matern32_constant,ZTF21abrqrsz,,keep
matern32_constant,ZTF21absyjff,,bad
matern32_constant,ZTF21abvcugy,,keep
matern32_constant,ZTF21abvcuhk,,keep
matern32_constant,ZTF21acbnfos,,keep
matern32_constant,ZTF21accwovq,,good
matern32_constant,ZTF21acdqgns,epoch,bad
matern32_constant,ZTF21acdxhuv,r60,keep
matern32_constant,ZTF21aceehxt,,good
matern32_constant,ZTF21acekmmm,,good
matern32_constant,ZTF21acgxypn,,bad
matern32_constant,ZTF21achgfbk,,good
matern32_constant,ZTF21aciuhqw,,bad
matern32_constant,ZTF21aciwixf,,bad
matern32_constant,ZTF21acizqkx,,bad
matern32_constant,ZTF21acjxzsa,,good
matern32_constant,ZTF21aclzzhu,,bad
matern32_constant,ZTF22aadeuwu,,good
matern32_constant,ZTF22aadnjsh,,keep
matern32_constant,ZTF22aadoihx,,keep
matern32_constant,ZTF22aadqlhy,,good
matern32_constant,ZTF22aaebkwd,,keep
matern32_constant,ZTF22aaezyos,,keep
matern32_constant,ZTF22aagzmcz,,bad
matern32_constant,ZTF22aahxaiv,,keep
matern32_constant,ZTF22aajakms,,keep
matern32_constant,ZTF22aakpyqw,,good
matern32_constant,ZTF22aakyeps,,bad
matern32_constant,ZTF22aalfmec,,good
matern32_constant,ZTF22aaolhhl,r60,keep
matern32_constant,ZTF22aaoolua,,good
matern32_constant,ZTF22aarbard,,good
matern32_constant,ZTF22aarqrxf,r75,keep
matern32_constant,ZTF22aarwwyy,,good
matern32_constant,ZTF22aasxgjp,,keep
matern32_constant,ZTF22aatunnt,,bad
matern32_constant,ZTF22aazuotw,,bad
matern32_constant,ZTF22abbdxho,,good
matern32_constant,ZTF22abbtqnp,,good
matern32_constant,ZTF22abcsgeq,,bad
matern32_constant,ZTF22abcvfgs,,bad
matern32_constant,ZTF22abfrkoh,,bad
matern32_constant,ZTF22abfuwel,,keep
matern32_constant,ZTF22abfyqsc,,good
matern32_constant,ZTF22abivebe,,good
matern32_constant,ZTF22abjafpr,,keep
matern32_constant,ZTF22abkabeh,,bad
matern32_constant,ZTF22abkbmob,,good
matern32_constant,ZTF22abllclb,,keep
matern32_constant,ZTF22abmonux,,good
matern32_constant,ZTF22abnpsou,,keep
matern32_constant,ZTF22abnvurz,,bad
matern32_constant,ZTF22absibqa,,good
matern32_constant,ZTF22absphuu,,good
matern32_constant,ZTF22abvcnnl,,good
matern32_constant,ZTF22abwtqeb,,keep
matern32_constant,ZTF22abzejiv,,bad
matern32_constant,ZTF23aaahtnj,,good
matern32_constant,ZTF23aaaplam,epoch,bad
matern32_constant,ZTF23aaazffe,,keep
matern32_constant,ZTF23aaccacy,,keep
matern32_constant,ZTF23aadaxfn,,keep
matern32_constant,ZTF23aadtrzd,,good
matern32_constant,ZTF23aaecgwh,,bad
matern32_constant,ZTF23aaemnzd,,bad
matern32_constant,ZTF23aafwykt,,keep
matern32_constant,ZTF23aahnmag,,good
matern32_constant,ZTF23aajakys,,keep
matern32_constant,ZTF23aakmewi,,bad
matern32_constant,ZTF23aakstht,,good
matern32_constant,ZTF23aamzljd,,good
matern32_constant,ZTF23aandvzg,,keep
matern32_constant,ZTF23aanqoyo,,bad
matern32_constant,ZTF23aapbrrq,r100 ok,good
matern32_constant,ZTF23aaqekiu,,good
matern32_constant,ZTF23aaspcfl,,good
matern32_constant,ZTF23aawtmcf,,keep
matern32_constant,ZTF23aaxuvkn,,good
matern32_constant,ZTF23aazodoj,r80 ok,good
matern32_constant,ZTF23aazuzip,,good
matern32_constant,ZTF23abadhsw,,keep
matern32_constant,ZTF23abaxlrz,,keep
matern32_constant,ZTF23abbpswf,,keep
matern32_constant,ZTF23abbskff,,bad
matern32_constant,ZTF23abcglga,,bad
matern32_constant,ZTF23abfmlft,,keep
matern32_constant,ZTF23abhyxpr,,bad
matern32_constant,ZTF23abjhbcr,,keep
matern32_constant,ZTF23abjrolk,,keep
matern32_constant,ZTF23abjzkmx,,keep
matern32_constant,ZTF23abnpoqp,,good
matern32_constant,ZTF23abochfb,,keep
matern32_constant,ZTF23abomtjc,,
matern32_constant,ZTF23abovaur,,good
matern32_constant,ZTF23abvokyz,,good
matern32_constant,ZTF24aaabybk,,good
matern32_constant,ZTF24aabuaij,,good
matern32_constant,ZTF24aacjcwl,,good
matern32_constant,ZTF24aacrbua,,
matern32_constant,ZTF24aadfmaf,,good
matern32_constant,ZTF24aaeczdw,,
matern32_constant,ZTF24aagfeti,,
matern32_constant,ZTF24aagkjca,,good
matern32_constant,ZTF24aagterj,,good
matern32_constant,ZTF24aagtmbq,,good
matern32_constant,ZTF24aahuzig,,
matern32_constant,ZTF24aajdqbw,,
matern32_constant,ZTF24aajivqf,,good
matern32_constant,ZTF24aajqamj,,keep
matern32_constant,ZTF24aakaiqs,,
matern32_constant,ZTF24aakftxp,,bad
matern32_constant,ZTF24aancgyl,,
matern32_constant,ZTF24aaowjlw,,good
matern32_constant,ZTF24aapadbb,,
matern32_constant,ZTF24aateouu,,
matern32_constant,ZTF24aawjwxx,,
matern32_constant,ZTF24aawtoiv,,
matern32_constant,ZTF24aayikbu,,
matern32_constant,ZTF24aayimjt,,
matern32_constant,ZTF24aaymkrs,,
matern32_constant,ZTF24aaysowl,,
matern32_constant,ZTF24aazmqbf,,
matern32_constant,ZTF24aazqavh,,
matern32_constant,ZTF24aaztbct,,good
matern32_constant,ZTF24abajmau,,
matern32_constant,ZTF24abavusp,half_r,good
matern32_constant,ZTF24abbsuhu,,bad
matern32_constant,ZTF24abchdsc,,good
matern32_constant,ZTF24abdiwwv,,
matern32_constant,ZTF24abhhzrp,,good
matern32_constant,ZTF24abhsqly,,
matern32_constant,ZTF24abiifei,,good
matern32_constant,ZTF24abimpmc,,good
matern32_constant,ZTF24abiwzzc,,good
matern32_constant,ZTF24abkiblx,,good
matern32_constant,ZTF24ablmayf,,
matern32_constant,ZTF24ablsxza,,good
matern32_constant,ZTF24abltheg,,keep
matern32_constant,ZTF24abnafgr,,
matern32_constant,ZTF24abncuhj,l25 ok,good
matern32_constant,ZTF24abnsght,,good
matern32_constant,ZTF24abpqghw,,
matern32_constant,ZTF24abqbyxd,,
matern32_constant,ZTF24abroqvs,,
matern32_constant,ZTF24absrpsn,,good
matern32_constant,ZTF24absznoi,,good
matern32_constant,ZTF24abtlppf,,good
matern32_constant,ZTF24abtmueg,,
matern32_constant,ZTF24abtnkbi,,
matern32_constant,ZTF24abwmzop,,
matern32_constant,ZTF24abxxniy,,
matern32_constant,ZTF24abygyka,,
matern32_constant,ZTF24abzgggz,,good
matern32_constant,ZTF24abzmhtv,peak,good
matern32_constant,ZTF25aaadytl,,good
matern32_constant,ZTF25aaaecsu,,good
matern32_constant,ZTF25aaaeykb,,
matern32_constant,ZTF25aabzbve,,
matern32_constant,ZTF25aaccmjq,,
matern32_constant,ZTF25aadnogd,,
matern32_constant,ZTF25aafdnuf,,
matern32_constant,ZTF25aafedas,,
matern32_constant,ZTF25aafkxdu,,
matern32_constant,ZTF25aajbcmc,,good
matern32_constant,ZTF25aajgfsk,,good
matern32_constant,ZTF25aajuqtp,,good
matern32_constant,ZTF25aakbbof,,good
matern32_constant,ZTF25aakeqyr,,good
matern32_constant,ZTF25aamplge,,good
matern32_constant,ZTF25aankyie,,
matern32_constant,ZTF25aanxtou,,
matern32_constant,ZTF25aaomnws,,
matern32_constant,ZTF25aarmzhx,,good
matern32_constant,ZTF25aaurzyo,,good
matern32_constant,ZTF25aavahfn,,
matern32_constant,ZTF25aawaobl,,good
matern32_constant,ZTF25aaxegmh,,
matern32_constant,ZTF25abbzsku,,
matern32_constant,ZTF25abclliu,,
matern32_constant,ZTF25abcydiy,,good
matern32_constant,ZTF25abecvml,,good
matern32_constant,ZTF25abixhdc,,
matern32_constant,ZTF25abkwytp,,
matern32_constant,ZTF25ablgkgi,,
matern32_constant,ZTF25ablulax,,
matern32_constant,ZTF25abmjfcf,l20 r60 ok,good
matern32_constant,ZTF25abmsmeg,,
matern32_constant,ZTF25abmtiec,,good
matern32_constant,ZTF25aboftol,,good
matern32_constant,ZTF25abqsbxy,,
matern32_constant,ZTF25abvbjre,,good
matern32_constant,ZTF25abvcnay,,good
matern32_constant,ZTF25abweqoj,,
matern32_constant,ZTF25abwophe,,
matern32_constant,ZTF25abxfsza,,
matern32_constant,ZTF25abyevmr,,good
matern32_constant,ZTF25abyrwhz,,
matern32_constant,ZTF25abzudli,,
matern32_constant,ZTF25acbzkov,,
matern32_constant,ZTF25accmopr,,good
matern32_constant,ZTF25acdktzt,,
matern32_constant,ZTF25acemaph,,
matern32_constant,ZTF25aceopyo,r10 not,good
matern32_constant,ZTF25acgdfwz,,good
matern32_constant,ZTF26aaakmmc,,
matern32_constant,ZTF26aadqfik,,
matern32_constant,ZTF26aadqwlb,,
matern32_constant,ZTF26aagbzrh,,
matern32_constant,ZTF26aagrmky,,
matern32_constant,ZTF26aahinar,,
matern32_constant,ZTF26aahjdpb,,
matern32_constant,ZTF26aajnayv,,
matern32_constant,ZTF26aakdoou,,
matern32_constant,ZTF26aalsmpp,,
matern32_constant,ZTF26aaqxhgb,,
matern32_constant,ZTF26aarkqap,,good
matern32_constant,ZTF26aatlolu,,
matern32_constant,ZTF26aaulhci,,bad
