ZTFID,shape,features,below15,very_bad,notes
ZTF18aaexyql,single,broad;colorodd,no,no,g
ZTF18aakkrjm,single,broad,no,no,
ZTF18aaqjovh,single,colorodd;noisy,no,yes,
ZTF18aaxiuyp,single,bumpy;rebright;noisy,yes,no,
ZTF18abdffeo,unclear,colorodd;noisy,no,yes,rej
ZTF18abdkkwa,single,slowtail,yes,no,
ZTF18abeamgv,single,broad,no,no,why is g the lower limit?
ZTF18abecbks,single,noisy,yes,no,
ZTF18abeyqpr,single,broad;noisy,no,no,
ZTF18abfcmjw,single,fastdecline;noisy,yes,no,"very fast g band rise, early g point missed in the GP fitting"
ZTF18abfzhct,single,broad,yes,no,g band fwhm?poor atlaso fitting
ZTF18abhhnnv,single,rebright;colorodd,no,no,
ZTF18abjyjdz,,,no,yes,
ZTF18abkjnqy,,,no,yes,
ZTF18abukavn,single,sharp,yes,no,
ZTF18achcpwu,single,colorodd,no,no,g 
ZTF18achdidy,,,,yes,
ZTF18acizepv,single,colorodd,no,no,g
ZTF18acnncve,single,broad;colorodd,no,no,g
ZTF18acsjrbc,single,broad,no,no,g
ZTF18acyxnyw,single,bumpy;rebright,yes,no,check for SB
ZTF18aczqzrj,single,broad,yes,no,
ZTF18adasisj,irregular,colorodd;noisy,no,yes,
ZTF19aadnhdo,single,rebright;slowtail,yes,no,
ZTF19aafmyow,single,sharp;slowtail,yes,no,
ZTF19aailcgs,unclear,colorodd,no,yes,
ZTF19aailsge,single,sharp;broad;slowtail,yes,no,
ZTF19aakpcuw,single,bumpy;broad,yes,no,late time undulations
ZTF19aalouag,single,slowtail;asymmetric,yes,no,
ZTF19aamgghn,single,shoulder,yes,no,
ZTF19aamsetj,single,broad,yes,no,small early bump -- precursor?
ZTF19aanfukh,single,broad;colorodd,yes,no,g-r after 35 days to be ignored
ZTF19aaoxvfe,single,,no,yes,
ZTF19aarfyvc,plateau,broad,yes,no,
ZTF19aarphwc,plateau,broad,yes,no,
ZTF19aatheus,single,sharp;asymmetric,yes,no,
ZTF19aavitlq,single,slowtail,yes,no,
ZTF19aawfbtg,double,bumpy;rebright;broad,yes,no,
ZTF19aawhzsh,unclear,colorodd;noisy,,yes,r band influence by i 
ZTF19aawqcgy,single,broad;slowtail,yes,no,fix the phase
ZTF19aawsday,single,,no,no,
ZTF19aaxfcpq,single,fastdecline,yes,no,
ZTF19aaxzdtw,plateau,broad,no,no,"SLSN shaped LC, 15 days"
ZTF19abafmwj,single,,no,yes,
ZTF19abauylg,single,,yes,no,
ZTF19abdoior,single,slowtail,yes,no,
ZTF19abfsxpw,single,bumpy;rebright,yes,no,ignore after 50 days
ZTF19abfvnns,single,sharp;slowtail,yes,no,
ZTF19ablesob,single,slowtail,yes,no,
ZTF19abnacvf,plateau,broad,yes,no,
ZTF19abpbopt,plateau,broad,yes,no,
ZTF19abqqrgy,unclear,colorodd,no,no,
ZTF19abqshry,single,rebright;sharp;fastdecline;colorodd,no,no,refit
ZTF19abqwtfu,single,slowtail;asymmetric,yes,no,
ZTF19abqxibq,single,colorodd;noisy,no,no,
ZTF19abupned,single,slowtail;colorodd,yes,no,check the g band data
ZTF19abvdgqo,single,broad,no,no,
ZTF19abztknu,single,bumpy,no,no,
ZTF19abzwaen,,,yes,yes,
ZTF19acbmojx,single,colorodd,no,no,
ZTF19acbonaa,plateau,rebright;broad;noisy,yes,no,
ZTF19acdabep,single,noisy,yes,no,
ZTF19aceqvhl,,,,yes,
ZTF19acfwynw,irregular,noisy,no,yes,
ZTF19acgjosf,single,shoulder,yes,no,
ZTF19acgjpgh,double,bumpy;shoulder;rebright;sharp,yes,no,meeting
ZTF19ackjjwf,single,slowtail;asymmetric;colorodd,no,no,
ZTF19ackjrru,plateau,broad,yes,no,g-r bad at very late phase
ZTF19acllsbq,unclear,colorodd;noisy,no,no,
ZTF19acmelor,single,rebright;asymmetric,yes,no,
ZTF19acxmpnz,,,yes,yes,
ZTF19acyogrm,single,slowtail,yes,no,very late blue too
ZTF19adaivcf,plateau,broad,yes,no,
ZTF19adcfsad,single,bumpy,yes,no,
ZTF20aadzbcf,plateau,bumpy,yes,no,
ZTF20aaekkuv,single,colorodd,no,no,
ZTF20aaelulu,single,slowtail,yes,no,
ZTF20aaertpj,single,sharp;colorodd,no,no,ignore after 25 days
ZTF20aafmdzj,linear,colorodd;noisy,no,no,
ZTF20aagewqr,,,,yes,
ZTF20aahbfmf,single,broad,yes,no,
ZTF20aaiftgi,,,no,yes,
ZTF20aaifybu,single,rebright;colorodd,no,no,
ZTF20aaiqiti,single,bumpy,yes,no,
ZTF20aajcdad,single,shoulder;slowtail,yes,no,
ZTF20aakodyh,single,broad;colorodd,no,no,
ZTF20aalcyih,single,rebright;colorodd,no,no,
ZTF20aalxlis,single,bumpy;slowtail;asymmetric,yes,no,
ZTF20aamdyln,single,colorodd,no,no,
ZTF20aammtwx,single,colorodd;noisy,no,no,after 25
ZTF20aaoflta,,,yes,yes,
ZTF20aapcbmc,single,colorodd,no,no,
ZTF20aattyuz,plateau,broad,yes,no,
ZTF20aaurexl,single,rebright,yes,no,
ZTF20aavcvrm,single,slowtail;asymmetric;colorodd,no,no,g-r after 25
ZTF20aavgcnu,,,no,yes,
ZTF20aavhyel,single,rebright,yes,no,
ZTF20aavzffg,single,slowtail;asymmetric,yes,no,
ZTF20aaxvzja,single,,no,no,g-r after 10
ZTF20aazkjfv,single,,yes,no,
ZTF20aazpyhy,single,slowtail,yes,no,
ZTF20abaszgh,single,,yes,no,
ZTF20abbpkng,single,,yes,no,very symmetric for Ib
ZTF20abbplei,single,slowtail,yes,no,
ZTF20abcjdwu,single,bumpy,yes,no,"refit, SLSNe like LC"
ZTF20abefbpl,single,colorodd,yes,no,no g peak
ZTF20abhlncz,single,bumpy;rebright;sharp,yes,no,very clear blue ward shift
ZTF20abjpvce,single,colorodd,no,no,
ZTF20abkiarz,single,noisy,yes,no,
ZTF20abobpcb,plateau,bumpy;broad,yes,no,
ZTF20abpuwxl,irregular,,no,yes,refit?
ZTF20abqdkne,single,,no,no,artifact
ZTF20abrmmah,single,colorodd,no,no,
ZTF20abswdbg,single,slowtail;noisy,yes,no,refit
ZTF20abtkjfw,single,colorodd,no,no,
ZTF20abusrwm,single,colorodd,no,no,
ZTF20abvquuo,single,slowtail,yes,no,
ZTF20abwxywy,single,slowtail;asymmetric,yes,no,
ZTF20abxpoxd,single,bumpy;rebright,yes,no,
ZTF20abywsut,single,noisy,yes,no,
ZTF20abzjcdg,single,colorodd;noisy,no,no,
ZTF20abzoeiw,single,colorodd,no,no,
ZTF20accbsxa,single,,yes,no,
ZTF20acfqngt,single,colorodd,no,no,g-r 25d
ZTF20achvlbs,single,noisy,yes,no,
ZTF20acjbzrh,,,,yes,
ZTF20aclnplo,single,colorodd,yes,no,refit
ZTF20acphdcg,single,slowtail,yes,no,
ZTF20acpjqxp,single,,yes,no,
ZTF20acpyldh,,,,yes,refit
ZTF20acpzaoa,unclear,noisy,no,yes,
ZTF20actekrw,single,colorodd,no,no,
ZTF20actpqgc,single,colorodd,no,no,refit
ZTF20acueziy,single,colorodd,no,no,
ZTF20acvcxkz,single,colorodd,no,no,
ZTF20acvebcu,single,colorodd,no,no,refit
ZTF20acvmzfv,single,colorodd;noisy,no,no,
ZTF20acwofhd,single,,yes,no,refit
ZTF20acxqxyw,single,colorodd,no,no,refit
ZTF20adadrhw,single,shoulder;slowtail,yes,no,
ZTF21aaaosoq,single,noisy,no,no,refit
ZTF21aaarmti,single,,no,no,refit
ZTF21aaaubig,single,slowtail,yes,no,"refit, artif"
ZTF21aacufip,single,,yes,no,
ZTF21aagpymw,single,slowtail,yes,no,
ZTF21aagtpro,single,colorodd,no,no,
ZTF21aahdqrg,single,slowtail,yes,no,
ZTF21aalhgqi,single,colorodd;noisy,no,no,refit?
ZTF21aannoix,single,noisy,no,no,refit
ZTF21aanvncv,single,rebright;slowtail,no,no,
ZTF21aaocrlm,single,colorodd;noisy,no,no,refit
ZTF21aaqhhfu,single,shoulder;slowtail,yes,no,
ZTF21aaqldsk,single,rebright,yes,no,
ZTF21aaqwfqe,single,,yes,no,
ZTF21aarmuxl,single,,yes,no,refit
ZTF21aarnjyd,single,,no,yes,origin? set limits
ZTF21aavdqgf,single,colorodd,no,no,undulations refit
ZTF21aawogdl,single,colorodd,no,no,
ZTF21aaxtctv,single,,yes,yes,"terrible fit, refit"
ZTF21aaxxihx,single,colorodd,no,no,
ZTF21aayqrgx,single,,no,no,
ZTF21abahiow,single,slowtail,yes,no,
ZTF21abbqeea,double,bumpy;broad,yes,no,
ZTF21abccaue,single,colorodd,no,no,
ZTF21abcgaln,single,slowtail,yes,no,
ZTF21abcgnql,single,colorodd,no,no,
ZTF21abchjer,single,,yes,no,refit
ZTF21abcpsjy,plateau,broad,no,no,
ZTF21abdkojo,single,colorodd,no,no,
ZTF21abdxhgv,single,colorodd,no,no,refit
ZTF21abieuta,single,colorodd,yes,no,check g-r
ZTF21abimnii,single,slowtail,yes,no,
ZTF21abklcjq,single,,yes,no,large uncert on g-r
ZTF21abmjgwf,single,bumpy;rebright,yes,no,very blue at 70d
ZTF21abmxiuf,single,,yes,no,refit
ZTF21abngbrl,single,,no,no,
ZTF21abplhpw,single,colorodd,no,no,refit
ZTF21abraccv,single,slowtail,yes,no,
ZTF21abrqria,plateau,broad,no,no,
ZTF21abrqrsz,single,colorodd;noisy,no,no,no g
ZTF21absyjff,plateau,broad,yes,no,
ZTF21abvcugy,irregular,broad;colorodd,no,no,
ZTF21acbnfos,single,,yes,no,
ZTF21accwovq,single,broad,yes,no,
ZTF21acdxhuv,single,slowtail,yes,no,
ZTF21aceehxt,single,,yes,no,
ZTF21acekmmm,single,,yes,no,
ZTF21achgfbk,single,,no,no,
ZTF21aciuhqw,single,,yes,no,
ZTF21aciwixf,single,colorodd,no,no,
ZTF21acjxzsa,single,colorodd,no,no,
ZTF22aadeuwu,plateau,broad,yes,no,refit 
ZTF22aadnjsh,single,colorodd,no,no,
ZTF22aadoihx,single,shoulder;colorodd,no,no,
ZTF22aadqlhy,single,slowtail,yes,no,
ZTF22aaezyos,earlybump,,yes,no,meeting
ZTF22aagzmcz,single,broad,no,no,
ZTF22aahxaiv,single,colorodd,no,no,
ZTF22aajakms,single,colorodd,no,no,
ZTF22aakpyqw,single,broad;colorodd,no,no,
ZTF22aakyeps,single,bumpy;broad,yes,no,refit
ZTF22aalfmec,single,,no,no,
ZTF22aaolhhl,single,rebright,yes,no,
ZTF22aaoolua,single,slowtail;colorodd,no,yes,
ZTF22aarbard,single,colorodd,yes,no,refit
ZTF22aarqrxf,plateau,broad,yes,no,
ZTF22aarwwyy,single,colorodd;noisy,no,no,
ZTF22aasxgjp,single,slowtail,yes,no,
ZTF22aatunnt,single,colorodd,no,no,
ZTF22abbdxho,single,noisy,yes,no,
ZTF22abbtqnp,single,colorodd,yes,no,refit
ZTF22abcvfgs,plateau,broad,yes,no,
ZTF22abfuwel,single,rebright,yes,no,
ZTF22abfyqsc,single,colorodd,no,no,
ZTF22abivebe,single,,yes,no,
ZTF22abjafpr,single,slowtail,yes,no,refit
ZTF22abkabeh,single,shoulder;colorodd,no,no,
ZTF22abkbmob,plateau,broad,yes,no,
ZTF22abllclb,single,noisy,yes,no,
ZTF22abmonux,irregular,colorodd,no,no,
ZTF22abnpsou,earlybump,bumpy,yes,no,
ZTF22absibqa,single,colorodd,no,no,
ZTF22absphuu,single,,yes,no,
ZTF22abvcnnl,plateau,broad,no,no,
ZTF22abwtqeb,linear,noisy,yes,yes,
ZTF23aaahtnj,single,colorodd,yes,no,refit
ZTF23aaazffe,single,colorodd,no,no,refit
ZTF23aaccacy,plateau,broad,no,no,
ZTF23aadaxfn,single,slowtail,yes,no,
ZTF23aadtrzd,single,colorodd,yes,no,
ZTF23aaecgwh,single,,no,no,
ZTF23aaemnzd,unclear,colorodd;noisy,no,yes,
ZTF23aafwykt,single,slowtail,yes,no,
ZTF23aahnmag,plateau,bumpy;rebright;broad;colorodd,yes,no,SLSN like
ZTF23aajakys,single,colorodd;noisy,yes,no,
ZTF23aakstht,single,slowtail,yes,no,
ZTF23aamzljd,single,,yes,no,
ZTF23aanqoyo,single,slowtail,yes,no,
ZTF23aapbrrq,single,slowtail;colorodd,no,no,
ZTF23aaqekiu,single,bumpy;rebright;colorodd,yes,no,
ZTF23aaspcfl,single,slowtail;colorodd,yes,no,
ZTF23aawtmcf,single,slowtail,yes,no,
ZTF23aaxuvkn,earlybump,asymmetric,yes,no,
ZTF23aazodoj,plateau,broad,yes,no,
ZTF23aazuzip,single,,yes,no,
ZTF23abadhsw,single,slowtail;colorodd,yes,no,
ZTF23abbpswf,single,slowtail,yes,no,
ZTF23abcglga,single,slowtail,yes,no,
ZTF23abfmlft,single,fastdecline;colorodd,no,no,
ZTF23abjhbcr,single,bumpy,yes,no,
ZTF23abjrolk,single,,yes,no,g-r uncert
ZTF23abjzkmx,single,colorodd,yes,no,
ZTF23abnpoqp,single,,yes,yes,
ZTF23abochfb,single,colorodd,yes,no,
ZTF23abomtjc,single,slowtail,yes,no,
ZTF23abovaur,single,slowtail;colorodd,yes,no,
ZTF23abvokyz,plateau,broad;colorodd,no,no,
ZTF24aaabybk,single,colorodd,no,no,
ZTF24aabuaij,unclear,colorodd,no,yes,
ZTF24aacjcwl,,,,yes,
ZTF24aacrbua,single,colorodd,yes,no,refit
ZTF24aadfmaf,single,,yes,no,refit
ZTF24aaeczdw,unclear,colorodd,no,yes,
ZTF24aagfeti,single,broad,yes,no,
ZTF24aagkjca,unclear,colorodd,no,yes,
ZTF24aagterj,single,broad,yes,no,
ZTF24aagtmbq,single,colorodd,no,no,
ZTF24aahuzig,single,colorodd,no,no,
ZTF24aajivqf,single,slowtail;colorodd,yes,no,refit
ZTF24aajqamj,single,asymmetric,yes,no,
ZTF24aakaiqs,single,slowtail,yes,no,
ZTF24aancgyl,single,asymmetric,yes,no,
ZTF24aaowjlw,plateau,broad,yes,no,
ZTF24aapadbb,single,slowtail,yes,no,Ib/c like LC
ZTF24aateouu,unclear,colorodd,no,yes,
ZTF24aawjwxx,single,,yes,no,
ZTF24aawtoiv,single,bumpy;slowtail,yes,no,
ZTF24aayimjt,single,slowtail,yes,no,
ZTF24aaymkrs,single,shoulder;slowtail;asymmetric,yes,no,
ZTF24aaysowl,plateau,broad;colorodd,yes,no,
ZTF24aazmqbf,single,slowtail;colorodd,no,no,
ZTF24aazqavh,single,bumpy;slowtail,yes,no,
ZTF24aaztbct,single,colorodd,no,no,
ZTF24abajmau,single,slowtail;colorodd,yes,no,refit
ZTF24abbsuhu,single,,no,no,"refit, no r"
ZTF24abchdsc,unclear,,no,yes,
ZTF24abdiwwv,earlybump,slowtail,yes,no,
ZTF24abhhzrp,single,bumpy,yes,no,
ZTF24abiifei,single,colorodd,no,no,
ZTF24abimpmc,,,,yes,
ZTF24abiwzzc,,,,yes,
ZTF24abkiblx,irregular,colorodd,no,no,
ZTF24ablsxza,,,,yes,rej
ZTF24abltheg,,,,,
ZTF24abnafgr,single,colorodd,no,no,
ZTF24abncuhj,single,slowtail,yes,no,
ZTF24abnsght,single,noisy,yes,no,
ZTF24abpqghw,single,broad;colorodd,no,no,
ZTF24abroqvs,single,colorodd,no,no,
ZTF24absrpsn,single,fastdecline,yes,no,"refit, check g-r"
ZTF24absznoi,single,,yes,no,
ZTF24abtlppf,plateau,broad;colorodd,no,no,
ZTF24abtmueg,plateau,broad;colorodd,no,no,
ZTF24abtnkbi,irregular,noisy,no,yes,refit
ZTF24abwmzop,single,slowtail,yes,no,
ZTF24abxxniy,unclear,colorodd;noisy,,yes,
ZTF24abygyka,single,colorodd,no,no,
ZTF24abzgggz,single,colorodd,no,no,
ZTF24abzmhtv,single,colorodd,no,no,
ZTF25aaadytl,single,slowtail,yes,no,
ZTF25aaaecsu,single,bumpy;broad,yes,no,
ZTF25aaaeykb,unclear,noisy,no,yes,
ZTF25aabzbve,unclear,colorodd;noisy,no,yes,
ZTF25aaccmjq,single,slowtail,yes,no,
ZTF25aadnogd,single,slowtail;colorodd,yes,no,refit
ZTF25aafdnuf,single,rebright;slowtail,yes,no,
ZTF25aafedas,single,rebright;slowtail,yes,no,
ZTF25aafkxdu,unclear,,no,yes,
ZTF25aajbcmc,plateau,broad,yes,no,
ZTF25aajgfsk,single,colorodd;noisy,no,no,
ZTF25aakbbof,unclear,noisy,no,yes,
ZTF25aakeqyr,earlybump,,yes,no,SLSNe like LC
ZTF25aamplge,unclear,colorodd;noisy,no,no,
ZTF25aanxtou,plateau,broad;colorodd,no,no,
ZTF25aaomnws,plateau,broad,yes,no,
ZTF25aarmzhx,single,slowtail;colorodd,no,no,
ZTF25aaurzyo,single,asymmetric,yes,no,
ZTF25aavahfn,unclear,colorodd;noisy,no,yes,
ZTF25aawaobl,single,slowtail,yes,no,
ZTF25aaxegmh,plateau,broad,yes,no,
ZTF25abbzsku,unclear,colorodd;noisy,no,no,
ZTF25abclliu,single,broad;colorodd,no,no,SLSNe like LC
ZTF25abcydiy,plateau,broad;colorodd,no,no,refit
ZTF25abecvml,single,slowtail,yes,no,
ZTF25abixhdc,plateau,broad;colorodd,no,no,
ZTF25abkwytp,single,fastdecline;slowtail,yes,no,
ZTF25ablgkgi,single,slowtail,yes,no,
ZTF25ablulax,earlybump,slowtail;colorodd,no,no,
ZTF25abmjfcf,plateau,broad,yes,no,
ZTF25abmsmeg,single,slowtail,yes,no,
ZTF25abmtiec,single,noisy,yes,no,
ZTF25aboftol,plateau,bumpy;broad;colorodd,yes,no,refit
ZTF25abqsbxy,unclear,slowtail;colorodd;noisy,no,yes,
ZTF25abvbjre,single,shoulder,yes,no,
ZTF25abvcnay,single,rebright,yes,no,
ZTF25abwophe,single,shoulder;colorodd,no,no,
ZTF25abxfsza,plateau,broad,yes,no,
ZTF25abyevmr,single,slowtail;asymmetric,yes,no,
ZTF25abyrwhz,single,bumpy;rebright,yes,no,Ib/c like LC
ZTF25abzudli,unclear,noisy,,yes,
ZTF25accmopr,plateau,broad;colorodd,no,no,
ZTF25acemaph,double,bumpy;rebright;broad;fastdecline,yes,no,
ZTF25aceopyo,irregular,noisy,no,yes,
ZTF25acgdfwz,single,colorodd,no,no,
ZTF26aaakmmc,plateau,broad;colorodd,yes,no,
ZTF26aadqfik,single,colorodd,no,no,
ZTF26aadqwlb,single,slowtail;colorodd,no,no,
ZTF26aagbzrh,unclear,noisy,,yes,
ZTF26aahinar,single,slowtail;asymmetric,yes,no,
ZTF26aahjdpb,single,slowtail,yes,no,
ZTF26aajnayv,,,no,yes,
ZTF26aakdoou,single,colorodd,no,no,
ZTF26aalsmpp,single,slowtail,yes,no,
ZTF26aarkqap,unclear,noisy,,yes,
