group,ZTFID,remark
changepoint_bazin,ZTF18aaxiuyp,
changepoint_bazin,ZTF18abdffeo,
changepoint_bazin,ZTF18abhhnnv,
changepoint_bazin,ZTF18abjyjdz,
changepoint_bazin,ZTF18abkjnqy,
changepoint_bazin,ZTF18abukavn,
changepoint_bazin,ZTF18abvkmgw,
changepoint_bazin,ZTF18aceqrrs,
changepoint_bazin,ZTF18acnncve,
changepoint_bazin,ZTF18acsjrbc,
changepoint_bazin,ZTF19aafmyow,
changepoint_bazin,ZTF19aakirwj,
changepoint_bazin,ZTF19aamsetj,
changepoint_bazin,ZTF19aanesgt,
changepoint_bazin,ZTF19aanfukh,
changepoint_bazin,ZTF19aarfyvc,
changepoint_bazin,ZTF19aavouyw,
changepoint_bazin,ZTF19aawhzsh,
changepoint_bazin,ZTF19aawsday,
changepoint_bazin,ZTF19aaxzdtw,
changepoint_bazin,ZTF19abauylg,
changepoint_bazin,ZTF19abfvnns,
changepoint_bazin,ZTF19abqqrgy,
changepoint_bazin,ZTF19abqshry,
changepoint_bazin,ZTF19abqwtfu,
changepoint_bazin,ZTF19abtsnyy,
changepoint_bazin,ZTF19abzwaen,
changepoint_bazin,ZTF19acbonaa,
changepoint_bazin,ZTF19acfwynw,
changepoint_bazin,ZTF19acgjpgh,
changepoint_bazin,ZTF19ackjrru,
changepoint_bazin,ZTF19acmelor,
changepoint_bazin,ZTF19adcfsad,
changepoint_bazin,ZTF20aajcdad,
changepoint_bazin,ZTF20aalxlis,
changepoint_bazin,ZTF20aapcbmc,
changepoint_bazin,ZTF20aaurfnl,
changepoint_bazin,ZTF20aavcvrm,
changepoint_bazin,ZTF20aavgcnu,
changepoint_bazin,ZTF20aavzffg,
changepoint_bazin,ZTF20aazkjfv,
changepoint_bazin,ZTF20aazpyhy,
changepoint_bazin,ZTF20abbplei,
changepoint_bazin,ZTF20abobpcb,
changepoint_bazin,ZTF20abvvnqh,
changepoint_bazin,ZTF20abwxywy,
changepoint_bazin,ZTF20abysxbk,
changepoint_bazin,ZTF20abzjcdg,
changepoint_bazin,ZTF20accbsxa,
changepoint_bazin,ZTF20acpjqxp,
changepoint_constant,ZTF18aaxiuyp,
changepoint_constant,ZTF18abdffeo,
changepoint_constant,ZTF18abecbks,
changepoint_constant,ZTF18abfcmjw,
changepoint_constant,ZTF18abhhnnv,
changepoint_constant,ZTF18abjyjdz,
changepoint_constant,ZTF18abkjnqy,
changepoint_constant,ZTF18aboabxv,
changepoint_constant,ZTF18abukavn,
changepoint_constant,ZTF18abvkmgw,
changepoint_constant,ZTF18aceqrrs,
changepoint_constant,ZTF18achdidy,
changepoint_constant,ZTF18acnncve,
changepoint_constant,ZTF18acsjrbc,
changepoint_constant,ZTF18acyxnyw,
changepoint_constant,ZTF19aadnhdo,
changepoint_constant,ZTF19aafmyow,
changepoint_constant,ZTF19aailcgs,
changepoint_constant,ZTF19aakirwj,
changepoint_constant,ZTF19aalouag,
changepoint_constant,ZTF19aamsetj,
changepoint_constant,ZTF19aanesgt,
changepoint_constant,ZTF19aanfukh,
changepoint_constant,ZTF19aarfyvc,
changepoint_constant,ZTF19aavouyw,
changepoint_constant,ZTF19aawhzsh,
changepoint_constant,ZTF19aawsday,
changepoint_constant,ZTF19aaxzdtw,
changepoint_constant,ZTF19abauylg,
changepoint_constant,ZTF19abfiqjg,
changepoint_constant,ZTF19abfvnns,
changepoint_constant,ZTF19abqqrgy,
changepoint_constant,ZTF19abqshry,
changepoint_constant,ZTF19abqwtfu,
changepoint_constant,ZTF19abqxibq,
changepoint_constant,ZTF19abtsnyy,
changepoint_constant,ZTF19abzqywg,
changepoint_constant,ZTF19abzwaen,
changepoint_constant,ZTF19acbonaa,
changepoint_constant,ZTF19acdabep,
changepoint_constant,ZTF19aceqvhl,
changepoint_constant,ZTF19acfwynw,
changepoint_constant,ZTF19acgjosf,
changepoint_constant,ZTF19acgjpgh,
changepoint_constant,ZTF19ackjrru,
changepoint_constant,ZTF19acmelor,
changepoint_constant,ZTF19adcfsad,
changepoint_constant,ZTF20aajcdad,
changepoint_constant,ZTF20aalxlis,
changepoint_constant,ZTF20aapcbmc,
changepoint_constant,ZTF20aaurfnl,
changepoint_constant,ZTF20aavcvrm,
changepoint_constant,ZTF20aavgcnu,
changepoint_constant,ZTF20aavzffg,
changepoint_constant,ZTF20aazkjfv,
changepoint_constant,ZTF20aazpyhy,
changepoint_constant,ZTF20abbplei,
changepoint_constant,ZTF20abobpcb,
changepoint_constant,ZTF20abvvnqh,
changepoint_constant,ZTF20abwxywy,
changepoint_constant,ZTF20abysxbk,
changepoint_constant,ZTF20abzjcdg,
changepoint_constant,ZTF20accbsxa,
changepoint_constant,ZTF20acpjqxp,
gibbs_bazin,ZTF18abdffeo,
gibbs_bazin,ZTF18abhhnnv,
gibbs_bazin,ZTF18abkjnqy,
gibbs_bazin,ZTF18aceqrrs,
gibbs_bazin,ZTF19aakirwj,
gibbs_bazin,ZTF19aanfukh,
gibbs_bazin,ZTF19abqqrgy,
gibbs_bazin,ZTF19abqwtfu,
gibbs_bazin,ZTF19abtsnyy,
gibbs_bazin,ZTF19abzwaen,
gibbs_bazin,ZTF19acbonaa,
gibbs_bazin,ZTF19acfwynw,
gibbs_constant,ZTF18aaxiuyp,
gibbs_constant,ZTF18abdffeo,
gibbs_constant,ZTF18abecbks,
gibbs_constant,ZTF18abfcmjw,
gibbs_constant,ZTF18abhhnnv,
gibbs_constant,ZTF18abjyjdz,
gibbs_constant,ZTF18abkjnqy,
gibbs_constant,ZTF18aboabxv,
gibbs_constant,ZTF18abukavn,
gibbs_constant,ZTF18abvkmgw,
gibbs_constant,ZTF18aceqrrs,
gibbs_constant,ZTF18achdidy,
gibbs_constant,ZTF18acizepv,
gibbs_constant,ZTF18acnncve,
gibbs_constant,ZTF18acsjrbc,
gibbs_constant,ZTF18acyxnyw,
gibbs_constant,ZTF19aadnhdo,
gibbs_constant,ZTF19aafmyow,
gibbs_constant,ZTF19aailcgs,
gibbs_constant,ZTF19aailsge,
gibbs_constant,ZTF19aakirwj,
gibbs_constant,ZTF19aakpcuw,
gibbs_constant,ZTF19aalouag,
gibbs_constant,ZTF19aamsetj,
gibbs_constant,ZTF19aanesgt,
gibbs_constant,ZTF19aanfukh,
gibbs_constant,ZTF19aanijpu,
gibbs_constant,ZTF19aaoxvfe,
gibbs_constant,ZTF19aarfyvc,
gibbs_constant,ZTF19aarphwc,
gibbs_constant,ZTF19aatheus,
gibbs_constant,ZTF19aavitlq,
gibbs_constant,ZTF19aavouyw,
gibbs_constant,ZTF19aawfbtg,
gibbs_constant,ZTF19aawhzsh,
gibbs_constant,ZTF19aawsday,
gibbs_constant,ZTF19aaxfcpq,
gibbs_constant,ZTF19aaxzdtw,
gibbs_constant,ZTF19abauylg,
gibbs_constant,ZTF19abdoior,
gibbs_constant,ZTF19abfiqjg,
gibbs_constant,ZTF19abfvnns,
gibbs_constant,ZTF19abnacvf,
gibbs_constant,ZTF19abqqrgy,
gibbs_constant,ZTF19abqshry,
gibbs_constant,ZTF19abqwtfu,
gibbs_constant,ZTF19abtsnyy,
gibbs_constant,ZTF19abzqywg,
gibbs_constant,ZTF19abzwaen,
gibbs_constant,ZTF19acbonaa,
gibbs_constant,ZTF19acdabep,
gibbs_constant,ZTF19aceqvhl,
gibbs_constant,ZTF19acfwynw,
gibbs_constant,ZTF19acgjosf,
gibbs_constant,ZTF19acgjpgh,
gibbs_constant,ZTF19ackjrru,
gibbs_constant,ZTF19acmelor,
gibbs_constant,ZTF19adcfsad,
gibbs_constant,ZTF20aajcdad,
gibbs_constant,ZTF20aalxlis,
gibbs_constant,ZTF20aapcbmc,
gibbs_constant,ZTF20aaurfnl,
gibbs_constant,ZTF20aavcvrm,
gibbs_constant,ZTF20aavgcnu,
gibbs_constant,ZTF20aavzffg,
gibbs_constant,ZTF20aazkjfv,
gibbs_constant,ZTF20aazpyhy,
gibbs_constant,ZTF20abbplei,
gibbs_constant,ZTF20abobpcb,
gibbs_constant,ZTF20abvvnqh,
gibbs_constant,ZTF20abwxywy,
gibbs_constant,ZTF20abysxbk,
gibbs_constant,ZTF20abzjcdg,
gibbs_constant,ZTF20accbsxa,
gibbs_constant,ZTF20acpjqxp,
gibbs_constant,ZTF20acpzaoa,
gibbs_constant,ZTF21aahdqrg,
gibbs_constant,ZTF21aapecxb,
gibbs_constant,ZTF21aaqldsk,
gibbs_constant,ZTF21aarmuxl,
gibbs_constant,ZTF21aaxtctv,
gibbs_constant,ZTF21aayqrgx,
gibbs_constant,ZTF21abbqeea,
gibbs_constant,ZTF21abcgaln,
gibbs_constant,ZTF21abcpsjy,
gibbs_constant,ZTF21abimeun,
gibbs_constant,ZTF21abimnii,
gibbs_constant,ZTF21acgxypn,
gibbs_constant,ZTF21aciuhqw,
gibbs_constant,ZTF22aajakms,
gibbs_constant,ZTF22aalfmec,
gibbs_constant,ZTF22aarbard,
matern32_bazin,ZTF18aaxiuyp,
matern32_bazin,ZTF18abdffeo,
matern32_bazin,ZTF18abecbks,
matern32_bazin,ZTF18abhhnnv,
matern32_bazin,ZTF18abjyjdz,
matern32_bazin,ZTF18abkjnqy,
matern32_bazin,ZTF18abukavn,
matern32_bazin,ZTF18abvkmgw,
matern32_bazin,ZTF18aceqrrs,
matern32_bazin,ZTF18achdidy,
matern32_bazin,ZTF18acnncve,
matern32_bazin,ZTF18acsjrbc,
matern32_bazin,ZTF19aafmyow,
matern32_bazin,ZTF19aakirwj,
matern32_bazin,ZTF19aamsetj,
matern32_bazin,ZTF19aanesgt,
matern32_bazin,ZTF19aanfukh,
matern32_bazin,ZTF19aarfyvc,
matern32_bazin,ZTF19aavouyw,
matern32_bazin,ZTF19aawhzsh,
matern32_bazin,ZTF19aawsday,
matern32_bazin,ZTF19aaxzdtw,
matern32_bazin,ZTF19abauylg,
matern32_bazin,ZTF19abfvnns,
matern32_bazin,ZTF19abqqrgy,
matern32_bazin,ZTF19abqshry,
matern32_bazin,ZTF19abqwtfu,
matern32_bazin,ZTF19abtsnyy,
matern32_bazin,ZTF19abzwaen,
matern32_bazin,ZTF19acbonaa,
matern32_bazin,ZTF19acfwynw,
matern32_bazin,ZTF19acgjosf,
matern32_bazin,ZTF19acgjpgh,
matern32_bazin,ZTF19ackjrru,
matern32_bazin,ZTF19acmelor,
matern32_bazin,ZTF19adcfsad,
matern32_bazin,ZTF20aajcdad,
matern32_bazin,ZTF20aalxlis,
matern32_bazin,ZTF20aapcbmc,
matern32_bazin,ZTF20aaurfnl,
matern32_bazin,ZTF20aavcvrm,
matern32_bazin,ZTF20aavgcnu,
matern32_bazin,ZTF20aavzffg,
matern32_bazin,ZTF20aazkjfv,
matern32_bazin,ZTF20aazpyhy,
matern32_bazin,ZTF20abbplei,
matern32_bazin,ZTF20abobpcb,
matern32_bazin,ZTF20abvvnqh,
matern32_bazin,ZTF20abwxywy,
matern32_bazin,ZTF20abysxbk,
matern32_bazin,ZTF20abzjcdg,
matern32_bazin,ZTF20accbsxa,
matern32_bazin,ZTF20acpjqxp,
matern32_constant,ZTF18aaxiuyp,
matern32_constant,ZTF18abdffeo,
matern32_constant,ZTF18abecbks,
matern32_constant,ZTF18abfcmjw,
matern32_constant,ZTF18abhhnnv,
matern32_constant,ZTF18abjyjdz,
matern32_constant,ZTF18abkjnqy,
matern32_constant,ZTF18aboabxv,
matern32_constant,ZTF18abukavn,
matern32_constant,ZTF18abvkmgw,
matern32_constant,ZTF18aceqrrs,
matern32_constant,ZTF18achdidy,
matern32_constant,ZTF18acnncve,
matern32_constant,ZTF18acsjrbc,
matern32_constant,ZTF19aadnhdo,
matern32_constant,ZTF19aafmyow,
matern32_constant,ZTF19aailcgs,
matern32_constant,ZTF19aakirwj,
matern32_constant,ZTF19aalouag,
matern32_constant,ZTF19aamsetj,
matern32_constant,ZTF19aanesgt,
matern32_constant,ZTF19aanfukh,
matern32_constant,ZTF19aarfyvc,
matern32_constant,ZTF19aavouyw,
matern32_constant,ZTF19aawhzsh,
matern32_constant,ZTF19aawsday,
matern32_constant,ZTF19aaxzdtw,
matern32_constant,ZTF19abauylg,
matern32_constant,ZTF19abfiqjg,
matern32_constant,ZTF19abfvnns,
matern32_constant,ZTF19abnacvf,
matern32_constant,ZTF19abpbopt,
matern32_constant,ZTF19abqmsbk,
matern32_constant,ZTF19abqqrgy,
matern32_constant,ZTF19abqshry,
matern32_constant,ZTF19abqwtfu,
matern32_constant,ZTF19abtsnyy,
matern32_constant,ZTF19abzqywg,
matern32_constant,ZTF19abzwaen,
matern32_constant,ZTF19acbonaa,
matern32_constant,ZTF19acdabep,
matern32_constant,ZTF19aceqvhl,
matern32_constant,ZTF19acfwynw,
matern32_constant,ZTF19acgjosf,
matern32_constant,ZTF19acgjpgh,
matern32_constant,ZTF19ackjrru,
matern32_constant,ZTF19acmelor,
matern32_constant,ZTF19adcfsad,
matern32_constant,ZTF20aajcdad,
matern32_constant,ZTF20aalxlis,
matern32_constant,ZTF20aapcbmc,
matern32_constant,ZTF20aaurfnl,
matern32_constant,ZTF20aavcvrm,
matern32_constant,ZTF20aavgcnu,
matern32_constant,ZTF20aavzffg,
matern32_constant,ZTF20aazkjfv,
matern32_constant,ZTF20aazpyhy,
matern32_constant,ZTF20abbplei,
matern32_constant,ZTF20abobpcb,
matern32_constant,ZTF20abvvnqh,
matern32_constant,ZTF20abwxywy,
matern32_constant,ZTF20abysxbk,
matern32_constant,ZTF20abzjcdg,
matern32_constant,ZTF20accbsxa,
matern32_constant,ZTF20acpjqxp,
matern52_bazin,ZTF18aaxiuyp,
matern52_bazin,ZTF18abjyjdz,
matern52_bazin,ZTF18abkjnqy,
matern52_bazin,ZTF18abukavn,
matern52_bazin,ZTF18abvkmgw,
matern52_bazin,ZTF18acnncve,
matern52_bazin,ZTF18acsjrbc,
matern52_bazin,ZTF19aafmyow,
matern52_bazin,ZTF19aamsetj,
matern52_bazin,ZTF19aanesgt,
matern52_bazin,ZTF19aarfyvc,
matern52_bazin,ZTF19aavouyw,
matern52_bazin,ZTF19aawhzsh,
matern52_bazin,ZTF19aawsday,
matern52_bazin,ZTF19aaxzdtw,
matern52_bazin,ZTF19abauylg,
matern52_bazin,ZTF19abfvnns,
matern52_bazin,ZTF19abqshry,
matern52_bazin,ZTF19abzwaen,
matern52_bazin,ZTF19acgjpgh,
matern52_bazin,ZTF19ackjrru,
matern52_bazin,ZTF19acmelor,
matern52_bazin,ZTF19adcfsad,
matern52_bazin,ZTF20aajcdad,
matern52_bazin,ZTF20aalxlis,
matern52_bazin,ZTF20aapcbmc,
matern52_bazin,ZTF20aaurfnl,
matern52_bazin,ZTF20aavcvrm,
matern52_bazin,ZTF20aavgcnu,
matern52_bazin,ZTF20aavzffg,
matern52_bazin,ZTF20aazkjfv,
matern52_bazin,ZTF20aazpyhy,
matern52_bazin,ZTF20abbplei,
matern52_bazin,ZTF20abobpcb,
matern52_bazin,ZTF20abvvnqh,
matern52_bazin,ZTF20abwxywy,
matern52_bazin,ZTF20abysxbk,
matern52_bazin,ZTF20abzjcdg,
matern52_bazin,ZTF20accbsxa,
matern52_bazin,ZTF20acpjqxp,
matern52_constant,ZTF18aaxiuyp,
matern52_constant,ZTF18abjyjdz,
matern52_constant,ZTF18abkjnqy,
matern52_constant,ZTF18abukavn,
matern52_constant,ZTF18abvkmgw,
matern52_constant,ZTF18acnncve,
matern52_constant,ZTF18acsjrbc,
matern52_constant,ZTF19aafmyow,
matern52_constant,ZTF19aamsetj,
matern52_constant,ZTF19aanesgt,
matern52_constant,ZTF19aarfyvc,
matern52_constant,ZTF19aavouyw,
matern52_constant,ZTF19aawhzsh,
matern52_constant,ZTF19aawsday,
matern52_constant,ZTF19aaxzdtw,
matern52_constant,ZTF19abauylg,
matern52_constant,ZTF19abfvnns,
matern52_constant,ZTF19abqshry,
matern52_constant,ZTF19abzwaen,
matern52_constant,ZTF19acgjpgh,
matern52_constant,ZTF19ackjrru,
matern52_constant,ZTF19acmelor,
matern52_constant,ZTF19adcfsad,
matern52_constant,ZTF20aajcdad,
matern52_constant,ZTF20aalxlis,
matern52_constant,ZTF20aapcbmc,
matern52_constant,ZTF20aaurfnl,
matern52_constant,ZTF20aavcvrm,
matern52_constant,ZTF20aavgcnu,
matern52_constant,ZTF20aavzffg,
matern52_constant,ZTF20aazkjfv,
matern52_constant,ZTF20aazpyhy,
matern52_constant,ZTF20abbplei,
matern52_constant,ZTF20abobpcb,
matern52_constant,ZTF20abvvnqh,
matern52_constant,ZTF20abwxywy,
matern52_constant,ZTF20abysxbk,
matern52_constant,ZTF20abzjcdg,
matern52_constant,ZTF20accbsxa,
matern52_constant,ZTF20acpjqxp,
