order,ZTFID,lower,upper
0,ZTF18abdffeo,,
1,ZTF18abecbks,,
2,ZTF18abfcmjw,,
3,ZTF18abhhnnv,,
4,ZTF18abkjnqy,,
5,ZTF18aboabxv,,
6,ZTF18abukavn,,400
7,ZTF18abvkmgw,,
8,ZTF18aceqrrs,,200
9,ZTF18achdidy,,
10,ZTF18acizepv,60,
11,ZTF18acyxnyw,,
12,ZTF19aadnhdo,,250
13,ZTF19aailcgs,,
14,ZTF19aailsge,,
15,ZTF19aakirwj,,498
16,ZTF19aakpcuw,,297
17,ZTF19aalouag,,500
18,ZTF19aanesgt,,
19,ZTF19aanfukh,,
20,ZTF19aanijpu,,
21,ZTF19aaoxvfe,,
22,ZTF19aarphwc,,
23,ZTF19aatheus,,
24,ZTF19aavitlq,,
25,ZTF19aawfbtg,,
26,ZTF19aawhzsh,250,
27,ZTF19aaxfcpq,98,
28,ZTF19abdoior,97,
29,ZTF19abfiqjg,,
30,ZTF19abnacvf,,
31,ZTF19abpbopt,,
32,ZTF19abqmsbk,,
33,ZTF19abqqrgy,,
34,ZTF19abqshry,,
35,ZTF19abqwtfu,,
36,ZTF19abqxibq,,
37,ZTF19abtsnyy,,248
38,ZTF19abzqywg,,
39,ZTF19abzwaen,,
40,ZTF19acbonaa,,
41,ZTF19acdabep,,
42,ZTF19aceqvhl,,
43,ZTF19acfwynw,,
44,ZTF19acgjosf,,
45,ZTF19acgjpgh,,
46,ZTF19acxmpnz,,
47,ZTF19acyogrm,,98
48,ZTF20aaelulu,150,250
49,ZTF20aaertpj,,
50,ZTF20aafmdzj,,
51,ZTF20aagewqr,,
52,ZTF20aaifybu,,
53,ZTF20aaiqiti,500,250
54,ZTF20aajcdad,,
55,ZTF20aammtwx,50,
56,ZTF20aaoflta,,
57,ZTF20aattyuz,,
58,ZTF20aaurexl,,
59,ZTF20aaurfnl,,
60,ZTF20aavgcnu,,
61,ZTF20aaxvzja,,
62,ZTF20aazkjfv,400,600
63,ZTF20aazpyhy,,
64,ZTF20abbpkng,,
65,ZTF20abcjdwu,200,200
66,ZTF20abefbpl,,
67,ZTF20abjpvce,,
68,ZTF20abobpcb,,
69,ZTF20aborzxc,,
70,ZTF20abpuwxl,,
71,ZTF20abqdkne,,
72,ZTF20abswdbg,175,200
73,ZTF20abwxywy,,
74,ZTF20abysxbk,,
75,ZTF20abzoeiw,,
76,ZTF20acfqngt,,
77,ZTF20achvlbs,,
78,ZTF20acjbzrh,,
79,ZTF20acpzaoa,,
80,ZTF20actpqgc,,
81,ZTF20acvcxkz,,
82,ZTF20acvmzfv,,
83,ZTF20acwofhd,,200
84,ZTF20adadrhw,,300
85,ZTF21aaaubig,100,
86,ZTF21aacufip,200,400
87,ZTF21aagpymw,,
88,ZTF21aahdqrg,,
89,ZTF21aalhtgv,,
90,ZTF21aanvncv,,500
91,ZTF21aartgiv,,
92,ZTF21aawogdl,,
93,ZTF21aaxtctv,,
94,ZTF21aaxxihx,,
95,ZTF21abahiow,,
96,ZTF21abbqeea,100,300
97,ZTF21abimeun,,
98,ZTF21abimnii,,
99,ZTF21abklcjq,,
100,ZTF21abmjgwf,,
101,ZTF21abmlldj,,
102,ZTF21abpwtde,,
103,ZTF21abraccv,,
104,ZTF21abrqrsz,,
105,ZTF21absyjff,,
106,ZTF21acbnfos,,
107,ZTF21acdqgns,,
108,ZTF21acdxhuv,,
109,ZTF21aceehxt,,
110,ZTF21acgxypn,,
111,ZTF21aciwixf,,
112,ZTF21acizqkx,,
113,ZTF22aadeuwu,,150
114,ZTF22aadnjsh,,
115,ZTF22aadoihx,,
116,ZTF22aadqlhy,70,150
117,ZTF22aaebkwd,,
118,ZTF22aahxaiv,,
119,ZTF22aakpyqw,,
120,ZTF22aakyeps,,
121,ZTF22aaoolua,,
122,ZTF22aarbard,,
123,ZTF22aarwwyy,,
124,ZTF22aazuotw,,
125,ZTF22abcvfgs,,
126,ZTF22abkabeh,,
127,ZTF22abmonux,,
128,ZTF22abnvurz,400,
129,ZTF22absibqa,,
130,ZTF22abvcnnl,,
131,ZTF22abzejiv,,
132,ZTF23aaazffe,,
133,ZTF23aaecgwh,,
134,ZTF23aajakys,,
135,ZTF23aakstht,,
136,ZTF23aapbrrq,,
137,ZTF23aaqekiu,,
138,ZTF23aaxuvkn,100,
139,ZTF23aazuzip,,
140,ZTF23abadhsw,,
141,ZTF23abaxlrz,,
142,ZTF23abbskff,,
143,ZTF23abjhbcr,,
144,ZTF23abjrolk,,
145,ZTF23abochfb,,
146,ZTF23abomtjc,,
147,ZTF23abvokyz,,
148,ZTF24aaabybk,,
149,ZTF24aacjcwl,,
150,ZTF24aagkjca,,
151,ZTF24aagtmbq,,
152,ZTF24aahuzig,,
153,ZTF24aajqamj,,
154,ZTF24aakaiqs,,
155,ZTF24aakftxp,,
156,ZTF24aateouu,,
157,ZTF24aayikbu,,
158,ZTF24aazqavh,,
159,ZTF24aaztbct,,
160,ZTF24abimpmc,,
161,ZTF24abiwzzc,,
162,ZTF24abkiblx,,
163,ZTF24ablsxza,,
164,ZTF24abltheg,,
165,ZTF24abncuhj,200,
166,ZTF24abpqghw,,
167,ZTF24abroqvs,,
168,ZTF24absrpsn,,
169,ZTF24abwmzop,,
170,ZTF24abxxniy,,
171,ZTF24abygyka,,
172,ZTF25aaadytl,,
173,ZTF25aabzbve,,
174,ZTF25aafdnuf,,
175,ZTF25aajgfsk,,
176,ZTF25aakbbof,,
177,ZTF25aamplge,,
178,ZTF25aankyie,,
179,ZTF25aanxtou,,
180,ZTF25aaomnws,,
181,ZTF25aarmzhx,,
182,ZTF25aavahfn,,
183,ZTF25aaxegmh,,
184,ZTF25abbzsku,,
185,ZTF25abmjfcf,,
186,ZTF25aboftol,100,
187,ZTF25abvbjre,,
188,ZTF25abyrwhz,,
189,ZTF25accmopr,,
190,ZTF25acdktzt,,
191,ZTF25acemaph,,
192,ZTF26aaakmmc,,
193,ZTF26aadqwlb,,
194,ZTF26aagbzrh,,
195,ZTF26aagrmky,,
196,ZTF26aahjdpb,,
197,ZTF26aajnayv,,
198,ZTF26aakdoou,,
199,ZTF26aaqxhgb,,
